,day,day_range,total_count,weather,day_of_week,celebration,season,month,day_of_year,count_discretized
0,2015-12-10,1200,255,Sunny,5,False,Autumn,12,10,2.0
1,2015-11-24,0,3,Partly cloudy,3,False,Autumn,11,24,0.0
2,2015-10-19,1200,361,Sunny,2,False,Autumn,10,19,2.0
3,2015-10-02,600,218,Light rain shower,6,False,Autumn,10,2,2.0
4,2015-09-12,1200,76,Partly cloudy,7,False,Summer,9,12,1.0
5,2015-08-25,1200,84,Sunny,3,False,Summer,8,25,1.0
6,2015-07-28,0,13,Clear,3,False,Summer,7,28,0.0
7,2015-07-02,600,220,Clear,5,False,Summer,7,2,2.0
8,2015-05-02,0,16,Light drizzle,7,False,Spring,5,2,0.0
9,2015-04-02,1800,131,Sunny,5,False,Spring,4,2,1.0
10,2015-03-04,1800,128,Moderate rain,4,False,Winter,3,4,1.0
11,2015-02-02,1200,173,Sunny,2,False,Winter,2,2,2.0
12,2015-01-10,1200,97,Sunny,7,False,Winter,1,10,1.0
13,2015-12-29,0,4,Partly cloudy,3,False,Winter,12,29,0.0
14,2015-12-12,1200,83,Patchy rain possible,7,False,Autumn,12,12,1.0
15,2015-11-11,1200,326,Sunny,4,False,Autumn,11,11,2.0
16,2015-08-30,0,19,Clear,1,False,Summer,8,30,0.0
17,2015-03-11,0,14,Clear,4,False,Winter,3,11,0.0
18,2015-11-05,1800,128,Sunny,5,False,Autumn,11,5,1.0
19,2015-10-23,1200,290,Sunny,6,False,Autumn,10,23,2.0
20,2015-10-17,600,47,Overcast,7,False,Autumn,10,17,1.0
21,2015-07-23,600,207,Clear,5,False,Summer,7,23,2.0
22,2015-07-19,1800,70,Sunny,1,False,Summer,7,19,1.0
23,2015-06-12,0,21,Clear,6,False,Spring,6,12,0.0
24,2015-03-04,0,11,Clear,4,False,Winter,3,4,0.0
25,2015-09-18,0,15,Cloudy,6,False,Summer,9,18,0.0
26,2015-08-14,1800,17,Sunny,6,False,Summer,8,14,0.0
27,2015-06-12,1800,123,Partly cloudy,6,False,Spring,6,12,1.0
28,2015-06-02,1800,96,Sunny,3,True,Spring,6,2,1.0
29,2015-04-22,0,12,Clear,4,False,Spring,4,22,0.0
30,2015-01-17,1800,71,Light rain,7,False,Winter,1,17,1.0
31,2015-12-14,0,6,Partly cloudy,2,False,Autumn,12,14,0.0
32,2015-11-25,0,5,Cloudy,4,False,Autumn,11,25,0.0
33,2015-10-04,1200,60,Patchy rain possible,1,False,Autumn,10,4,1.0
34,2015-08-17,0,1,Clear,2,False,Summer,8,17,0.0
35,2015-05-15,1200,200,Light rain shower,6,False,Spring,5,15,2.0
36,2015-05-04,1800,174,Sunny,2,False,Spring,5,4,2.0
37,2015-02-23,600,310,Clear,2,False,Winter,2,23,2.0
38,2015-01-12,1800,121,Sunny,2,False,Winter,1,12,1.0
39,2015-12-21,1200,121,Overcast,2,False,Autumn,12,21,1.0
40,2015-11-21,1800,35,Patchy rain possible,7,False,Autumn,11,21,1.0
41,2015-11-17,1200,325,Sunny,3,False,Autumn,11,17,2.0
42,2015-09-01,1200,138,Sunny,3,False,Summer,9,1,1.0
43,2015-06-16,1800,101,Sunny,3,False,Spring,6,16,1.0
44,2015-06-07,1800,109,Sunny,1,False,Spring,6,7,1.0
45,2015-05-25,600,347,Clear,2,False,Spring,5,25,2.0
46,2015-05-04,600,372,Clear,2,False,Spring,5,4,2.0
47,2015-03-20,1200,350,Sunny,6,False,Winter,3,20,2.0
48,2015-03-04,1200,287,Light rain shower,4,False,Winter,3,4,2.0
49,2015-08-04,600,99,Clear,3,False,Summer,8,4,1.0
50,2015-03-01,0,25,Clear,1,False,Winter,3,1,0.0
51,2015-02-08,1200,51,Sunny,1,False,Winter,2,8,1.0
52,2015-02-07,600,58,Clear,7,False,Winter,2,7,1.0
53,2015-01-02,600,29,Clear,6,False,Winter,1,2,0.0
54,2015-12-30,600,55,Light drizzle,4,False,Winter,12,30,1.0
55,2015-12-03,1800,92,Sunny,5,False,Autumn,12,3,1.0
56,2015-09-14,0,12,Moderate or heavy rain shower,2,False,Summer,9,14,0.0
57,2015-06-02,0,12,Clear,3,True,Spring,6,2,0.0
58,2015-04-15,1800,163,Sunny,4,False,Spring,4,15,2.0
59,2015-02-16,1200,210,Light rain,2,False,Winter,2,16,2.0
60,2015-01-24,0,13,Partly cloudy,7,False,Winter,1,24,0.0
61,2015-01-05,1800,34,Sunny,2,False,Winter,1,5,0.0
62,2015-12-29,600,45,Partly cloudy,3,False,Winter,12,29,1.0
63,2015-10-28,600,232,Moderate or heavy rain with thunder,4,False,Autumn,10,28,2.0
64,2015-07-12,0,34,Clear,1,False,Summer,7,12,0.0
65,2015-06-01,0,10,Clear,2,False,Spring,6,1,0.0
66,2015-03-17,1200,344,Patchy light drizzle,3,False,Winter,3,17,2.0
67,2015-02-15,600,19,Light drizzle,1,False,Winter,2,15,0.0
68,2015-10-24,1200,81,Sunny,7,False,Autumn,10,24,1.0
69,2015-09-12,1800,86,Patchy rain possible,7,False,Summer,9,12,1.0
70,2015-08-08,1200,19,Sunny,7,False,Summer,8,8,0.0
71,2015-06-28,1200,73,Sunny,1,False,Summer,6,28,1.0
72,2015-03-17,600,282,Light rain,3,False,Winter,3,17,2.0
73,2015-01-22,1200,163,Partly cloudy,5,False,Winter,1,22,2.0
74,2015-12-19,0,14,Light rain shower,7,False,Autumn,12,19,0.0
75,2015-05-22,600,263,Moderate rain,6,False,Spring,5,22,2.0
76,2015-05-05,0,16,Partly cloudy,3,False,Spring,5,5,0.0
77,2015-03-19,0,6,Clear,5,False,Winter,3,19,0.0
78,2015-01-21,600,118,Light drizzle,4,False,Winter,1,21,1.0
79,2015-09-16,0,12,Patchy rain possible,4,False,Summer,9,16,0.0
80,2015-09-09,600,209,Clear,4,False,Summer,9,9,2.0
81,2015-07-11,600,67,Clear,7,False,Summer,7,11,1.0
82,2015-06-10,0,16,Clear,4,False,Spring,6,10,0.0
83,2015-05-12,600,358,Clear,3,False,Spring,5,12,2.0
84,2015-04-24,1200,284,Sunny,6,False,Spring,4,24,2.0
85,2015-12-15,1200,272,Cloudy,3,False,Autumn,12,15,2.0
86,2015-10-01,1200,233,Moderate rain,5,False,Autumn,10,1,2.0
87,2015-07-01,600,245,Clear,4,False,Summer,7,1,2.0
88,2015-06-06,1200,74,Sunny,7,False,Spring,6,6,1.0
89,2015-03-30,1200,345,Partly cloudy,2,False,Spring,3,30,2.0
90,2015-01-29,600,91,Cloudy,5,False,Winter,1,29,1.0
91,2015-08-12,0,7,Clear,4,False,Summer,8,12,0.0
92,2015-08-03,1800,54,Sunny,2,False,Summer,8,3,1.0
93,2015-06-08,1800,150,Sunny,2,False,Spring,6,8,2.0
94,2015-05-05,1200,371,Partly cloudy,3,False,Spring,5,5,2.0
95,2015-04-14,1200,339,Sunny,3,False,Spring,4,14,2.0
96,2015-01-19,1800,146,Cloudy,2,False,Winter,1,19,2.0
97,2015-01-07,1200,126,Sunny,4,False,Winter,1,7,1.0
98,2015-12-09,600,319,Clear,4,False,Autumn,12,9,2.0
99,2015-11-21,0,24,Partly cloudy,7,False,Autumn,11,21,0.0
100,2015-10-10,0,33,Cloudy,7,False,Autumn,10,10,0.0
101,2015-05-27,1800,154,Sunny,4,False,Spring,5,27,2.0
102,2015-01-21,0,3,Light drizzle,4,False,Winter,1,21,0.0
103,2015-01-16,0,6,Cloudy,6,False,Winter,1,16,0.0
104,2015-10-13,1200,288,Moderate or heavy rain shower,3,False,Autumn,10,13,2.0
105,2015-10-09,1800,103,Partly cloudy,6,False,Autumn,10,9,1.0
106,2015-07-31,0,10,Clear,6,False,Summer,7,31,0.0
107,2015-05-31,600,26,Clear,1,False,Spring,5,31,0.0
108,2015-03-24,1800,167,Patchy rain possible,3,False,Spring,3,24,2.0
109,2015-03-16,1200,248,Moderate rain,2,False,Winter,3,16,2.0
110,2015-01-29,1200,56,Light drizzle,5,False,Winter,1,29,1.0
111,2015-12-05,1800,67,Sunny,7,False,Autumn,12,5,1.0
112,2015-11-23,1200,233,Light drizzle,2,False,Autumn,11,23,2.0
113,2015-09-01,1800,110,Sunny,3,False,Summer,9,1,1.0
114,2015-08-24,1200,48,Patchy rain possible,2,False,Summer,8,24,1.0
115,2015-07-02,1800,181,Sunny,5,False,Summer,7,2,2.0
116,2015-06-08,600,300,Clear,2,False,Spring,6,8,2.0
117,2015-04-27,600,218,Light rain shower,2,False,Spring,4,27,2.0
118,2015-03-23,1800,170,Partly cloudy,2,False,Spring,3,23,2.0
119,2015-02-15,1200,75,Patchy rain possible,1,False,Winter,2,15,1.0
120,2015-10-11,1800,89,Sunny,1,False,Autumn,10,11,1.0
121,2015-09-13,1800,62,Moderate or heavy rain shower,1,False,Summer,9,13,1.0
122,2015-08-27,1200,81,Sunny,5,False,Summer,8,27,1.0
123,2015-06-21,1200,55,Sunny,1,False,Spring,6,21,1.0
124,2015-05-23,600,67,Patchy light drizzle,7,False,Spring,5,23,1.0
125,2015-04-29,600,352,Partly cloudy,4,False,Spring,4,29,2.0
126,2015-11-21,600,30,Patchy rain possible,7,False,Autumn,11,21,0.0
127,2015-10-14,600,270,Light rain shower,4,False,Autumn,10,14,2.0
128,2015-09-22,600,351,Clear,3,False,Autumn,9,22,2.0
129,2015-09-10,600,177,Clear,5,False,Summer,9,10,2.0
130,2015-08-27,0,8,Clear,5,False,Summer,8,27,0.0
131,2015-08-09,0,6,Clear,1,False,Summer,8,9,0.0
132,2015-05-29,1200,270,Sunny,6,False,Spring,5,29,2.0
133,2015-03-19,1200,352,Sunny,5,False,Winter,3,19,2.0
134,2015-02-05,1800,104,Light rain shower,5,False,Winter,2,5,1.0
135,2015-02-05,0,4,Moderate rain,5,False,Winter,2,5,0.0
136,2015-01-03,1800,15,Sunny,7,False,Winter,1,3,0.0
137,2015-12-08,1200,54,Partly cloudy,3,True,Autumn,12,8,1.0
138,2015-10-21,0,9,Clear,4,False,Autumn,10,21,0.0
139,2015-10-05,0,4,Partly cloudy,2,False,Autumn,10,5,0.0
140,2015-09-29,1800,164,Sunny,3,False,Autumn,9,29,2.0
141,2015-09-05,0,19,Partly cloudy,7,False,Summer,9,5,0.0
142,2015-08-21,0,6,Clear,6,False,Summer,8,21,0.0
143,2015-08-16,1800,25,Sunny,1,False,Summer,8,16,0.0
144,2015-07-31,600,138,Clear,6,False,Summer,7,31,1.0
145,2015-06-07,1200,54,Sunny,1,False,Spring,6,7,1.0
146,2015-05-10,1800,92,Sunny,1,True,Spring,5,10,1.0
147,2015-04-29,0,11,Patchy light drizzle,4,False,Spring,4,29,0.0
148,2015-02-22,600,19,Moderate or heavy rain with thunder,1,False,Winter,2,22,0.0
149,2015-02-22,0,9,Moderate or heavy rain with thunder,1,False,Winter,2,22,0.0
150,2015-12-20,600,22,Clear,1,False,Autumn,12,20,0.0
151,2015-05-21,600,323,Clear,5,False,Spring,5,21,2.0
152,2015-04-07,600,142,Clear,3,False,Spring,4,7,1.0
153,2015-04-05,1800,24,Sunny,1,True,Spring,4,5,0.0
154,2015-03-16,600,303,Light rain,2,False,Winter,3,16,2.0
155,2015-02-09,1200,189,Sunny,2,False,Winter,2,9,2.0
156,2015-01-14,1200,122,Patchy light drizzle,4,False,Winter,1,14,1.0
157,2015-12-16,1200,270,Partly cloudy,4,False,Autumn,12,16,2.0
158,2015-11-01,0,33,Clear,1,True,Autumn,11,1,0.0
159,2015-10-03,1800,82,Sunny,7,False,Autumn,10,3,1.0
160,2015-08-02,1200,26,Sunny,1,False,Summer,8,2,0.0
161,2015-06-17,0,36,Clear,4,True,Spring,6,17,1.0
162,2015-12-02,1200,321,Sunny,4,False,Autumn,12,2,2.0
163,2015-11-19,1800,127,Partly cloudy,5,False,Autumn,11,19,1.0
164,2015-10-17,0,3,Light rain shower,7,False,Autumn,10,17,0.0
165,2015-09-13,1200,23,Moderate rain at times,1,False,Summer,9,13,0.0
166,2015-07-18,600,65,Clear,7,False,Summer,7,18,1.0
167,2015-07-14,1800,158,Sunny,3,False,Summer,7,14,2.0
168,2015-05-25,1200,276,Sunny,2,False,Spring,5,25,2.0
169,2015-03-24,1200,310,Light rain shower,3,False,Spring,3,24,2.0
170,2015-12-26,600,7,Partly cloudy,7,True,Winter,12,26,0.0
171,2015-08-15,1800,24,Patchy rain possible,7,True,Summer,8,15,0.0
172,2015-07-25,1800,73,Patchy rain possible,7,False,Summer,7,25,1.0
173,2015-03-19,600,374,Clear,5,False,Winter,3,19,2.0
174,2015-03-09,600,422,Clear,2,False,Winter,3,9,2.0
175,2015-09-30,600,364,Clear,4,False,Autumn,9,30,2.0
176,2015-09-11,1800,120,Sunny,6,False,Summer,9,11,1.0
177,2015-08-05,1200,58,Sunny,4,False,Summer,8,5,1.0
178,2015-06-12,1200,204,Sunny,6,False,Spring,6,12,2.0
179,2015-04-20,0,19,Partly cloudy,2,False,Spring,4,20,0.0
180,2015-04-13,0,11,Clear,2,False,Spring,4,13,0.0
181,2015-02-08,1800,62,Sunny,1,False,Winter,2,8,1.0
182,2015-01-28,600,171,Clear,4,False,Winter,1,28,2.0
183,2015-01-27,1800,128,Sunny,3,False,Winter,1,27,1.0
184,2015-11-25,1200,185,Patchy rain possible,4,False,Autumn,11,25,2.0
185,2015-11-08,1800,76,Sunny,1,False,Autumn,11,8,1.0
186,2015-07-19,1200,75,Sunny,1,False,Summer,7,19,1.0
187,2015-07-09,1800,153,Sunny,5,False,Summer,7,9,2.0
188,2015-05-25,1800,183,Sunny,2,False,Spring,5,25,2.0
189,2015-05-24,600,29,Partly cloudy,1,True,Spring,5,24,0.0
190,2015-04-26,600,25,Cloudy,1,False,Spring,4,26,0.0
191,2015-03-16,0,2,Patchy rain possible,2,False,Winter,3,16,0.0
192,2015-02-21,600,38,Cloudy,7,False,Winter,2,21,1.0
193,2015-10-26,1200,348,Partly cloudy,2,False,Autumn,10,26,2.0
194,2015-10-06,600,284,Light rain shower,3,False,Autumn,10,6,2.0
195,2015-06-27,600,60,Clear,7,False,Summer,6,27,1.0
196,2015-04-12,0,25,Clear,1,False,Spring,4,12,0.0
197,2015-03-19,1800,158,Sunny,5,False,Winter,3,19,2.0
198,2015-12-02,1800,101,Sunny,4,False,Autumn,12,2,1.0
199,2015-09-04,0,16,Partly cloudy,6,False,Summer,9,4,0.0
200,2015-08-16,0,5,Patchy rain possible,1,False,Summer,8,16,0.0
201,2015-07-29,0,9,Clear,4,False,Summer,7,29,0.0
202,2015-07-03,1800,106,Sunny,6,False,Summer,7,3,1.0
203,2015-06-05,0,26,Clear,6,False,Spring,6,5,0.0
204,2015-04-05,600,9,Partly cloudy,1,True,Spring,4,5,0.0
205,2015-03-24,600,428,Patchy rain possible,3,False,Spring,3,24,2.0
206,2015-11-20,1800,87,Partly cloudy,6,False,Autumn,11,20,1.0
207,2015-04-28,600,384,Patchy light rain,3,False,Spring,4,28,2.0
208,2015-01-26,0,5,Clear,2,False,Winter,1,26,0.0
209,2015-01-04,0,9,Partly cloudy,1,False,Winter,1,4,0.0
210,2015-11-13,0,13,Clear,6,False,Autumn,11,13,0.0
211,2015-10-04,0,28,Light rain shower,1,False,Autumn,10,4,0.0
212,2015-08-12,1800,28,Sunny,4,False,Summer,8,12,0.0
213,2015-08-09,1800,15,Sunny,1,False,Summer,8,9,0.0
214,2015-06-21,600,31,Clear,1,False,Spring,6,21,0.0
215,2015-05-18,1200,324,Sunny,2,False,Spring,5,18,2.0
216,2015-04-17,1200,251,Light rain shower,6,False,Spring,4,17,2.0
217,2015-03-23,1200,357,Sunny,2,False,Spring,3,23,2.0
218,2015-10-27,0,4,Clear,3,False,Autumn,10,27,0.0
219,2015-08-16,600,3,Clear,1,False,Summer,8,16,0.0
220,2015-08-03,600,100,Clear,2,False,Summer,8,3,1.0
221,2015-05-14,1800,198,Sunny,5,False,Spring,5,14,2.0
222,2015-03-25,0,12,Patchy rain possible,4,False,Spring,3,25,0.0
223,2015-03-21,1200,111,Partly cloudy,7,False,Winter,3,21,1.0
224,2015-03-20,1800,133,Sunny,6,False,Winter,3,20,1.0
225,2015-12-19,1200,69,Patchy rain possible,7,False,Autumn,12,19,1.0
226,2015-11-04,600,350,Patchy rain possible,4,False,Autumn,11,4,2.0
227,2015-08-13,600,52,Clear,5,False,Summer,8,13,1.0
228,2015-08-12,1200,44,Sunny,4,False,Summer,8,12,1.0
229,2015-07-24,1800,103,Sunny,6,False,Summer,7,24,1.0
230,2015-03-10,1800,205,Sunny,3,False,Winter,3,10,2.0
231,2015-01-14,0,9,Partly cloudy,4,False,Winter,1,14,0.0
232,2015-12-11,0,5,Clear,6,False,Autumn,12,11,0.0
233,2015-10-19,0,6,Patchy rain possible,2,False,Autumn,10,19,0.0
234,2015-08-26,600,84,Clear,4,False,Summer,8,26,1.0
235,2015-05-30,0,23,Clear,7,False,Spring,5,30,0.0
236,2015-04-23,0,10,Clear,5,False,Spring,4,23,0.0
237,2015-04-10,1800,129,Overcast,6,False,Spring,4,10,1.0
238,2015-02-07,0,8,Partly cloudy,7,False,Winter,2,7,0.0
239,2015-12-25,1800,6,Sunny,6,True,Winter,12,25,0.0
240,2015-12-07,0,9,Partly cloudy,2,False,Autumn,12,7,0.0
241,2015-11-12,600,376,Clear,5,False,Autumn,11,12,2.0
242,2015-09-15,1200,174,Sunny,3,False,Summer,9,15,2.0
243,2015-07-21,600,256,Clear,3,False,Summer,7,21,2.0
244,2015-03-01,600,23,Clear,1,False,Winter,3,1,0.0
245,2015-01-17,1200,93,Moderate rain,7,False,Winter,1,17,1.0
246,2015-01-12,600,258,Clear,2,False,Winter,1,12,2.0
247,2015-09-16,1800,119,Patchy rain possible,4,False,Summer,9,16,1.0
248,2015-08-04,1800,56,Partly cloudy,3,False,Summer,8,4,1.0
249,2015-07-16,1800,141,Sunny,5,False,Summer,7,16,1.0
250,2015-02-02,0,7,Clear,2,False,Winter,2,2,0.0
251,2015-11-12,1800,148,Sunny,5,False,Autumn,11,12,2.0
252,2015-07-11,1200,74,Sunny,7,False,Summer,7,11,1.0
253,2015-07-10,1800,135,Sunny,6,False,Summer,7,10,1.0
254,2015-06-22,600,240,Clear,2,False,Summer,6,22,2.0
255,2015-06-10,600,258,Clear,4,False,Spring,6,10,2.0
256,2015-04-13,1200,394,Sunny,2,False,Spring,4,13,2.0
257,2015-02-22,1200,46,Partly cloudy,1,False,Winter,2,22,1.0
258,2015-10-02,1200,157,Light rain,6,False,Autumn,10,2,2.0
259,2015-07-30,1200,124,Sunny,5,False,Summer,7,30,1.0
260,2015-06-30,600,256,Clear,3,False,Summer,6,30,2.0
261,2015-06-03,1800,156,Sunny,4,False,Spring,6,3,2.0
262,2015-05-18,1800,190,Sunny,2,False,Spring,5,18,2.0
263,2015-03-16,1800,46,Patchy light drizzle,2,False,Winter,3,16,1.0
264,2015-02-02,600,204,Clear,2,False,Winter,2,2,2.0
265,2015-02-01,0,24,Patchy rain possible,1,False,Winter,2,1,0.0
266,2015-10-25,600,23,Cloudy,1,False,Autumn,10,25,0.0
267,2015-08-06,0,8,Clear,5,False,Summer,8,6,0.0
268,2015-07-05,0,30,Clear,1,False,Summer,7,5,0.0
269,2015-06-19,0,21,Clear,6,False,Spring,6,19,0.0
270,2015-06-06,1800,93,Sunny,7,False,Spring,6,6,1.0
271,2015-05-23,1800,58,Patchy light drizzle,7,False,Spring,5,23,1.0
272,2015-05-01,0,22,Partly cloudy,6,True,Spring,5,1,0.0
273,2015-03-28,600,55,Clear,7,False,Spring,3,28,1.0
274,2015-02-14,600,49,Overcast,7,False,Winter,2,14,1.0
275,2015-01-31,0,12,Patchy rain possible,7,False,Winter,1,31,0.0
276,2015-12-17,1200,219,Sunny,5,False,Autumn,12,17,2.0
277,2015-11-09,0,7,Clear,2,False,Autumn,11,9,0.0
278,2015-10-31,1200,93,Sunny,7,False,Autumn,10,31,1.0
279,2015-10-19,1800,103,Sunny,2,False,Autumn,10,19,1.0
280,2015-08-12,600,61,Clear,4,False,Summer,8,12,1.0
281,2015-06-23,0,17,Patchy rain possible,3,False,Summer,6,23,0.0
282,2015-06-01,1800,132,Sunny,2,False,Spring,6,1,1.0
283,2015-04-04,600,32,Light rain shower,7,False,Spring,4,4,0.0
284,2015-12-01,1200,274,Sunny,3,False,Autumn,12,1,2.0
285,2015-10-15,600,321,Clear,5,False,Autumn,10,15,2.0
286,2015-08-15,0,8,Patchy rain possible,7,True,Summer,8,15,0.0
287,2015-04-14,600,387,Clear,3,False,Spring,4,14,2.0
288,2015-11-26,1800,118,Sunny,5,False,Autumn,11,26,1.0
289,2015-09-18,600,211,Cloudy,6,False,Summer,9,18,2.0
290,2015-08-03,0,9,Clear,2,False,Summer,8,3,0.0
291,2015-07-14,600,248,Clear,3,False,Summer,7,14,2.0
292,2015-07-07,600,235,Clear,3,False,Summer,7,7,2.0
293,2015-06-25,1800,194,Sunny,5,False,Summer,6,25,2.0
294,2015-05-24,1800,102,Sunny,1,True,Spring,5,24,1.0
295,2015-05-19,1200,330,Sunny,3,False,Spring,5,19,2.0
296,2015-04-18,1200,111,Patchy rain possible,7,False,Spring,4,18,1.0
297,2015-03-29,600,18,Clear,1,True,Spring,3,29,0.0
298,2015-03-02,600,228,Patchy rain possible,2,False,Winter,3,2,2.0
299,2015-02-09,1800,118,Sunny,2,False,Winter,2,9,1.0
300,2015-10-17,1200,66,Overcast,7,False,Autumn,10,17,1.0
301,2015-09-22,1800,143,Partly cloudy,3,False,Autumn,9,22,2.0
302,2015-05-09,1800,93,Sunny,7,False,Spring,5,9,1.0
303,2015-03-12,0,13,Clear,5,False,Winter,3,12,0.0
304,2015-08-23,1800,17,Partly cloudy,1,False,Summer,8,23,0.0
305,2015-07-01,1200,170,Sunny,4,False,Summer,7,1,2.0
306,2015-04-27,1200,206,Moderate or heavy rain shower,2,False,Spring,4,27,2.0
307,2015-04-20,1800,162,Sunny,2,False,Spring,4,20,2.0
308,2015-04-03,1200,150,Sunny,6,False,Spring,4,3,2.0
309,2015-03-31,600,346,Clear,3,False,Spring,3,31,2.0
310,2015-03-30,1800,158,Sunny,2,False,Spring,3,30,2.0
311,2015-12-15,600,285,Cloudy,3,False,Autumn,12,15,2.0
312,2015-11-16,1800,124,Sunny,2,False,Autumn,11,16,1.0
313,2015-09-21,1800,138,Sunny,2,False,Summer,9,21,1.0
314,2015-08-29,0,13,Clear,7,False,Summer,8,29,0.0
315,2015-07-06,1200,198,Sunny,2,False,Summer,7,6,2.0
316,2015-05-15,0,14,Patchy rain possible,6,False,Spring,5,15,0.0
317,2015-04-24,0,23,Partly cloudy,6,False,Spring,4,24,0.0
318,2015-04-03,600,100,Clear,6,False,Spring,4,3,1.0
319,2015-03-08,1200,98,Sunny,1,False,Winter,3,8,1.0
320,2015-01-27,600,195,Partly cloudy,3,False,Winter,1,27,2.0
321,2015-10-07,1200,352,Patchy rain possible,4,False,Autumn,10,7,2.0
322,2015-03-31,1200,316,Sunny,3,False,Spring,3,31,2.0
323,2015-02-27,0,9,Patchy light drizzle,6,False,Winter,2,27,0.0
324,2015-10-30,1200,262,Sunny,6,False,Autumn,10,30,2.0
325,2015-07-20,0,8,Clear,2,False,Summer,7,20,0.0
326,2015-06-11,1800,179,Sunny,5,False,Spring,6,11,2.0
327,2015-05-25,0,15,Clear,2,False,Spring,5,25,0.0
328,2015-04-27,0,12,Overcast,2,False,Spring,4,27,0.0
329,2015-03-04,600,335,Cloudy,4,False,Winter,3,4,2.0
330,2015-09-04,1800,98,Partly cloudy,6,False,Summer,9,4,1.0
331,2015-08-22,0,10,Clear,7,False,Summer,8,22,0.0
332,2015-08-17,1800,23,Sunny,2,False,Summer,8,17,0.0
333,2015-06-30,1200,217,Sunny,3,False,Summer,6,30,2.0
334,2015-11-29,600,14,Cloudy,1,False,Autumn,11,29,0.0
335,2015-11-26,0,5,Patchy rain possible,5,False,Autumn,11,26,0.0
336,2015-10-07,0,11,Patchy rain possible,4,False,Autumn,10,7,0.0
337,2015-09-24,1200,282,Partly cloudy,5,False,Autumn,9,24,2.0
338,2015-09-11,1200,181,Sunny,6,False,Summer,9,11,2.0
339,2015-08-20,1800,35,Sunny,5,False,Summer,8,20,1.0
340,2015-08-02,1800,38,Sunny,1,False,Summer,8,2,1.0
341,2015-04-15,1200,344,Sunny,4,False,Spring,4,15,2.0
342,2015-02-24,600,208,Light drizzle,3,False,Winter,2,24,2.0
343,2015-02-14,0,28,Partly cloudy,7,False,Winter,2,14,0.0
344,2015-02-08,0,20,Clear,1,False,Winter,2,8,0.0
345,2015-01-28,0,8,Clear,4,False,Winter,1,28,0.0
346,2015-12-15,1800,89,Cloudy,3,False,Autumn,12,15,1.0
347,2015-12-13,600,18,Light drizzle,1,False,Autumn,12,13,0.0
348,2015-12-12,600,66,Overcast,7,False,Autumn,12,12,1.0
349,2015-12-02,0,10,Clear,4,False,Autumn,12,2,0.0
350,2015-08-31,1200,99,Sunny,2,False,Summer,8,31,1.0
351,2015-07-17,600,207,Clear,6,False,Summer,7,17,2.0
352,2015-05-26,600,313,Clear,3,False,Spring,5,26,2.0
353,2015-04-03,0,18,Clear,6,False,Spring,4,3,0.0
354,2015-11-27,600,269,Partly cloudy,6,False,Autumn,11,27,2.0
355,2015-08-28,1200,80,Sunny,6,False,Summer,8,28,1.0
356,2015-08-16,1200,22,Sunny,1,False,Summer,8,16,0.0
357,2015-06-12,600,273,Clear,6,False,Spring,6,12,2.0
358,2015-05-06,0,18,Clear,4,False,Spring,5,6,0.0
359,2015-03-03,600,344,Clear,3,False,Winter,3,3,2.0
360,2015-12-31,1800,4,Sunny,5,True,Winter,12,31,0.0
361,2015-11-23,1800,113,Partly cloudy,2,False,Autumn,11,23,1.0
362,2015-11-19,600,367,Partly cloudy,5,False,Autumn,11,19,2.0
363,2015-10-09,1200,335,Sunny,6,False,Autumn,10,9,2.0
364,2015-08-11,1200,51,Partly cloudy,3,False,Summer,8,11,1.0
365,2015-03-29,1200,73,Sunny,1,True,Spring,3,29,1.0
366,2015-02-23,0,10,Clear,2,False,Winter,2,23,0.0
367,2015-02-04,600,199,Patchy rain possible,4,False,Winter,2,4,2.0
368,2015-01-24,1200,104,Partly cloudy,7,False,Winter,1,24,1.0
369,2015-03-11,1800,178,Sunny,4,False,Winter,3,11,2.0
370,2015-03-10,0,11,Clear,3,False,Winter,3,10,0.0
371,2015-02-10,1200,209,Sunny,3,False,Winter,2,10,2.0
372,2015-01-08,600,210,Clear,5,False,Winter,1,8,2.0
373,2015-11-26,600,297,Cloudy,5,False,Autumn,11,26,2.0
374,2015-09-19,0,23,Clear,7,False,Summer,9,19,0.0
375,2015-08-03,1200,100,Sunny,2,False,Summer,8,3,1.0
376,2015-07-26,0,21,Clear,1,False,Summer,7,26,0.0
377,2015-06-15,1200,225,Sunny,2,False,Spring,6,15,2.0
378,2015-03-11,1200,361,Sunny,4,False,Winter,3,11,2.0
379,2015-03-07,600,45,Clear,7,False,Winter,3,7,1.0
380,2015-01-02,0,4,Clear,6,False,Winter,1,2,0.0
381,2015-12-24,600,63,Cloudy,5,False,Winter,12,24,1.0
382,2015-12-16,600,263,Light drizzle,4,False,Autumn,12,16,2.0
383,2015-09-27,1200,47,Partly cloudy,1,False,Autumn,9,27,1.0
384,2015-08-14,1200,39,Sunny,6,False,Summer,8,14,1.0
385,2015-06-14,1200,48,Patchy rain possible,1,False,Spring,6,14,1.0
386,2015-05-06,600,362,Partly cloudy,4,False,Spring,5,6,2.0
387,2015-05-03,600,21,Cloudy,1,False,Spring,5,3,0.0
388,2015-01-12,0,4,Clear,2,False,Winter,1,12,0.0
389,2015-12-26,1800,10,Sunny,7,True,Winter,12,26,0.0
390,2015-11-28,1800,48,Partly cloudy,7,False,Autumn,11,28,1.0
391,2015-11-16,600,397,Clear,2,False,Autumn,11,16,2.0
392,2015-09-26,600,55,Clear,7,False,Autumn,9,26,1.0
393,2015-08-25,600,57,Clear,3,False,Summer,8,25,1.0
394,2015-06-15,0,10,Partly cloudy,2,False,Spring,6,15,0.0
395,2015-03-01,1200,51,Light rain shower,1,False,Winter,3,1,1.0
396,2015-02-15,1800,33,Light rain shower,1,False,Winter,2,15,0.0
397,2015-01-21,1800,108,Patchy rain possible,4,False,Winter,1,21,1.0
398,2015-12-23,1800,27,Sunny,4,False,Winter,12,23,0.0
399,2015-11-23,600,276,Partly cloudy,2,False,Autumn,11,23,2.0
400,2015-06-30,1800,168,Sunny,3,False,Summer,6,30,2.0
401,2015-06-28,0,27,Clear,1,False,Summer,6,28,0.0
402,2015-06-19,600,240,Clear,6,False,Spring,6,19,2.0
403,2015-06-13,1800,80,Sunny,7,False,Spring,6,13,1.0
404,2015-06-13,0,29,Patchy rain possible,7,False,Spring,6,13,0.0
405,2015-05-08,1200,246,Partly cloudy,6,False,Spring,5,8,2.0
406,2015-03-30,0,6,Clear,2,False,Spring,3,30,0.0
407,2015-01-10,600,41,Clear,7,False,Winter,1,10,1.0
408,2015-01-05,0,4,Clear,2,False,Winter,1,5,0.0
409,2015-11-01,1200,54,Sunny,1,True,Autumn,11,1,1.0
410,2015-08-08,0,9,Clear,7,False,Summer,8,8,0.0
411,2015-06-15,1800,173,Sunny,2,False,Spring,6,15,2.0
412,2015-05-15,1800,117,Light rain shower,6,False,Spring,5,15,1.0
413,2015-04-05,0,9,Partly cloudy,1,True,Spring,4,5,0.0
414,2015-02-24,0,4,Partly cloudy,3,False,Winter,2,24,0.0
415,2015-02-08,600,19,Clear,1,False,Winter,2,8,0.0
416,2015-05-20,600,294,Cloudy,4,False,Spring,5,20,2.0
417,2015-04-02,0,10,Clear,5,False,Spring,4,2,0.0
418,2015-03-22,600,38,Cloudy,1,False,Spring,3,22,1.0
419,2015-08-23,600,11,Clear,1,False,Summer,8,23,0.0
420,2015-08-20,0,3,Clear,5,False,Summer,8,20,0.0
421,2015-08-08,1800,23,Sunny,7,False,Summer,8,8,0.0
422,2015-01-08,1200,141,Partly cloudy,5,False,Winter,1,8,1.0
423,2015-01-05,600,79,Clear,2,False,Winter,1,5,1.0
424,2015-01-03,600,20,Mist,7,False,Winter,1,3,0.0
425,2015-12-18,0,8,Clear,6,False,Autumn,12,18,0.0
426,2015-08-04,0,8,Clear,3,False,Summer,8,4,0.0
427,2015-05-21,1200,270,Sunny,5,False,Spring,5,21,2.0
428,2015-02-05,600,39,Light rain,5,False,Winter,2,5,1.0
429,2015-01-29,1800,32,Partly cloudy,5,False,Winter,1,29,0.0
430,2015-01-28,1800,121,Sunny,4,False,Winter,1,28,1.0
431,2015-05-12,0,26,Clear,3,False,Spring,5,12,0.0
432,2015-02-17,600,322,Clear,3,False,Winter,2,17,2.0
433,2015-07-20,600,205,Clear,2,False,Summer,7,20,2.0
434,2015-07-15,600,225,Clear,4,False,Summer,7,15,2.0
435,2015-07-12,1200,72,Sunny,1,False,Summer,7,12,1.0
436,2015-07-08,600,207,Clear,4,False,Summer,7,8,2.0
437,2015-04-21,0,5,Clear,3,False,Spring,4,21,0.0
438,2015-02-23,1800,120,Cloudy,2,False,Winter,2,23,1.0
439,2015-11-22,0,5,Moderate rain,1,False,Autumn,11,22,0.0
440,2015-11-19,0,8,Clear,5,False,Autumn,11,19,0.0
441,2015-09-21,1200,298,Sunny,2,False,Summer,9,21,2.0
442,2015-09-20,1200,63,Partly cloudy,1,False,Summer,9,20,1.0
443,2015-04-22,1800,210,Sunny,4,False,Spring,4,22,2.0
444,2015-04-19,600,28,Partly cloudy,1,False,Spring,4,19,0.0
445,2015-04-17,1800,156,Patchy rain possible,6,False,Spring,4,17,2.0
446,2015-02-22,1800,65,Partly cloudy,1,False,Winter,2,22,1.0
447,2015-09-02,1800,123,Sunny,4,False,Summer,9,2,1.0
448,2015-08-15,1200,22,Sunny,7,True,Summer,8,15,0.0
449,2015-07-05,1200,48,Sunny,1,False,Summer,7,5,1.0
450,2015-06-10,1800,168,Sunny,4,False,Spring,6,10,2.0
451,2015-05-12,1800,200,Sunny,3,False,Spring,5,12,2.0
452,2015-05-09,0,22,Clear,7,False,Spring,5,9,0.0
453,2015-05-01,1200,51,Partly cloudy,6,True,Spring,5,1,1.0
454,2015-12-03,0,17,Clear,5,False,Autumn,12,3,0.0
455,2015-08-28,600,85,Clear,6,False,Summer,8,28,1.0
456,2015-05-12,1200,374,Sunny,3,False,Spring,5,12,2.0
457,2015-04-09,600,306,Clear,5,False,Spring,4,9,2.0
458,2015-03-20,600,310,Clear,6,False,Winter,3,20,2.0
459,2015-02-25,1200,250,Patchy light drizzle,4,False,Winter,2,25,2.0
460,2015-01-13,1800,148,Partly cloudy,3,False,Winter,1,13,2.0
461,2015-12-06,1800,59,Cloudy,1,False,Autumn,12,6,1.0
462,2015-11-03,1200,293,Sunny,3,False,Autumn,11,3,2.0
463,2015-11-02,600,400,Clear,2,False,Autumn,11,2,2.0
464,2015-10-06,1200,339,Patchy rain possible,3,False,Autumn,10,6,2.0
465,2015-05-18,0,22,Clear,2,False,Spring,5,18,0.0
466,2015-04-09,0,10,Clear,5,False,Spring,4,9,0.0
467,2015-02-04,1200,162,Light drizzle,4,False,Winter,2,4,2.0
468,2015-12-24,0,4,Partly cloudy,5,False,Winter,12,24,0.0
469,2015-11-12,1200,304,Partly cloudy,5,False,Autumn,11,12,2.0
470,2015-11-04,0,4,Light drizzle,4,False,Autumn,11,4,0.0
471,2015-10-21,600,350,Clear,4,False,Autumn,10,21,2.0
472,2015-05-01,1800,58,Partly cloudy,6,True,Spring,5,1,1.0
473,2015-04-30,0,11,Overcast,5,False,Spring,4,30,0.0
474,2015-01-13,600,227,Clear,3,False,Winter,1,13,2.0
475,2015-01-04,1200,18,Sunny,1,False,Winter,1,4,0.0
476,2015-12-11,1800,101,Partly cloudy,6,False,Autumn,12,11,1.0
477,2015-10-12,600,413,Cloudy,2,False,Autumn,10,12,2.0
478,2015-09-22,1200,293,Sunny,3,False,Autumn,9,22,2.0
479,2015-05-14,0,9,Clear,5,False,Spring,5,14,0.0
480,2015-04-04,0,13,Cloudy,7,False,Spring,4,4,0.0
481,2015-03-07,0,20,Clear,7,False,Winter,3,7,0.0
482,2015-02-12,600,211,Clear,5,False,Winter,2,12,2.0
483,2015-01-11,1800,43,Sunny,1,False,Winter,1,11,1.0
484,2015-08-22,1800,34,Sunny,7,False,Summer,8,22,0.0
485,2015-05-21,0,12,Clear,5,False,Spring,5,21,0.0
486,2015-05-18,600,418,Clear,2,False,Spring,5,18,2.0
487,2015-04-07,0,8,Partly cloudy,3,False,Spring,4,7,0.0
488,2015-03-22,0,31,Patchy rain possible,1,False,Spring,3,22,0.0
489,2015-03-15,0,36,Patchy rain possible,1,False,Winter,3,15,1.0
490,2015-01-11,600,15,Mist,1,False,Winter,1,11,0.0
491,2015-10-04,1800,46,Partly cloudy,1,False,Autumn,10,4,1.0
492,2015-09-07,600,240,Clear,2,False,Summer,9,7,2.0
493,2015-07-31,1800,79,Sunny,6,False,Summer,7,31,1.0
494,2015-07-24,1200,148,Sunny,6,False,Summer,7,24,2.0
495,2015-12-05,600,55,Partly cloudy,7,False,Autumn,12,5,1.0
496,2015-09-25,0,14,Partly cloudy,6,False,Autumn,9,25,0.0
497,2015-08-30,600,12,Clear,1,False,Summer,8,30,0.0
498,2015-07-09,600,197,Clear,5,False,Summer,7,9,2.0
499,2015-07-08,0,32,Clear,4,False,Summer,7,8,0.0
500,2015-05-03,0,29,Cloudy,1,False,Spring,5,3,0.0
501,2015-04-19,0,33,Partly cloudy,1,False,Spring,4,19,0.0
502,2015-03-05,1800,123,Partly cloudy,5,False,Winter,3,5,1.0
503,2015-02-26,1800,153,Sunny,5,False,Winter,2,26,2.0
504,2015-01-23,1800,99,Sunny,6,False,Winter,1,23,1.0
505,2015-01-04,1800,16,Sunny,1,False,Winter,1,4,0.0
506,2015-12-09,0,9,Clear,4,False,Autumn,12,9,0.0
507,2015-11-20,1200,245,Partly cloudy,6,False,Autumn,11,20,2.0
508,2015-11-18,1200,325,Sunny,4,False,Autumn,11,18,2.0
509,2015-10-28,0,3,Light rain shower,4,False,Autumn,10,28,0.0
510,2015-08-29,1200,48,Sunny,7,False,Summer,8,29,1.0
511,2015-08-18,1800,30,Partly cloudy,3,False,Summer,8,18,0.0
512,2015-06-22,1200,184,Sunny,2,False,Summer,6,22,2.0
513,2015-02-20,1800,100,Sunny,6,False,Winter,2,20,1.0
514,2015-01-22,1800,102,Sunny,5,False,Winter,1,22,1.0
515,2015-01-06,600,19,Partly cloudy,3,True,Winter,1,6,0.0
516,2015-07-30,600,166,Clear,5,False,Summer,7,30,2.0
517,2015-04-10,0,8,Clear,6,False,Spring,4,10,0.0
518,2015-12-23,1200,95,Patchy rain possible,4,False,Winter,12,23,1.0
519,2015-10-25,1800,47,Sunny,1,False,Autumn,10,25,1.0
520,2015-09-18,1200,171,Sunny,6,False,Summer,9,18,2.0
521,2015-09-11,0,15,Clear,6,False,Summer,9,11,0.0
522,2015-06-25,0,12,Clear,5,False,Summer,6,25,0.0
523,2015-05-11,1800,163,Sunny,2,False,Spring,5,11,2.0
524,2015-03-27,1800,149,Sunny,6,False,Spring,3,27,2.0
525,2015-03-22,1200,93,Partly cloudy,1,False,Spring,3,22,1.0
526,2015-03-09,0,13,Clear,2,False,Winter,3,9,0.0
527,2015-10-23,0,7,Clear,6,False,Autumn,10,23,0.0
528,2015-10-14,1200,102,Moderate or heavy rain shower,4,False,Autumn,10,14,1.0
529,2015-09-06,1800,75,Sunny,1,False,Summer,9,6,1.0
530,2015-07-20,1200,154,Sunny,2,False,Summer,7,20,2.0
531,2015-07-07,0,38,Clear,3,False,Summer,7,7,1.0
532,2015-07-03,600,218,Clear,6,False,Summer,7,3,2.0
533,2015-07-01,1800,133,Sunny,4,False,Summer,7,1,1.0
534,2015-05-23,1200,50,Patchy light drizzle,7,False,Spring,5,23,1.0
535,2015-03-15,600,26,Overcast,1,False,Winter,3,15,0.0
536,2015-01-01,1800,5,Sunny,5,True,Winter,1,1,0.0
537,2015-08-05,600,94,Clear,4,False,Summer,8,5,1.0
538,2015-08-01,600,33,Clear,7,False,Summer,8,1,0.0
539,2015-07-05,1800,79,Sunny,1,False,Summer,7,5,1.0
540,2015-05-14,1200,370,Sunny,5,False,Spring,5,14,2.0
541,2015-04-21,1800,185,Sunny,3,False,Spring,4,21,2.0
542,2015-01-31,1200,57,Light rain shower,7,False,Winter,1,31,1.0
543,2015-01-30,1200,170,Light rain shower,6,False,Winter,1,30,2.0
544,2015-08-30,1200,32,Sunny,1,False,Summer,8,30,0.0
545,2015-07-13,0,15,Clear,2,False,Summer,7,13,0.0
546,2015-05-30,1200,101,Sunny,7,False,Spring,5,30,1.0
547,2015-02-03,1800,89,Patchy rain possible,3,False,Winter,2,3,1.0
548,2015-01-01,1200,20,Sunny,5,True,Winter,1,1,0.0
549,2015-11-12,0,6,Clear,5,False,Autumn,11,12,0.0
550,2015-09-18,1800,97,Cloudy,6,False,Summer,9,18,1.0
551,2015-05-08,0,14,Clear,6,False,Spring,5,8,0.0
552,2015-02-20,1200,233,Partly cloudy,6,False,Winter,2,20,2.0
553,2015-02-12,1800,139,Sunny,5,False,Winter,2,12,1.0
554,2015-12-25,600,6,Partly cloudy,6,True,Winter,12,25,0.0
555,2015-10-12,1200,250,Partly cloudy,2,False,Autumn,10,12,2.0
556,2015-05-19,600,412,Cloudy,3,False,Spring,5,19,2.0
557,2015-03-12,1800,154,Sunny,5,False,Winter,3,12,2.0
558,2015-03-07,1200,113,Sunny,7,False,Winter,3,7,1.0
559,2015-03-06,1200,264,Sunny,6,False,Winter,3,6,2.0
560,2015-03-03,1200,352,Sunny,3,False,Winter,3,3,2.0
561,2015-10-18,1800,41,Light rain,1,False,Autumn,10,18,1.0
562,2015-07-21,1800,128,Sunny,3,False,Summer,7,21,1.0
563,2015-04-28,1800,168,Patchy rain possible,3,False,Spring,4,28,2.0
564,2015-03-02,1800,122,Cloudy,2,False,Winter,3,2,1.0
565,2015-02-07,1800,58,Sunny,7,False,Winter,2,7,1.0
566,2015-11-07,0,19,Clear,7,False,Autumn,11,7,0.0
567,2015-09-07,1200,193,Sunny,2,False,Summer,9,7,2.0
568,2015-08-24,1800,25,Sunny,2,False,Summer,8,24,0.0
569,2015-03-11,600,359,Cloudy,4,False,Winter,3,11,2.0
570,2015-02-10,1800,118,Sunny,3,False,Winter,2,10,1.0
571,2015-10-06,1800,151,Patchy rain possible,3,False,Autumn,10,6,2.0
572,2015-04-18,0,28,Patchy rain possible,7,False,Spring,4,18,0.0
573,2015-01-08,0,5,Clear,5,False,Winter,1,8,0.0
574,2015-12-17,1800,98,Sunny,5,False,Autumn,12,17,1.0
575,2015-12-12,0,23,Light drizzle,7,False,Autumn,12,12,0.0
576,2015-09-09,1200,189,Sunny,4,False,Summer,9,9,2.0
577,2015-07-23,0,23,Clear,5,False,Summer,7,23,0.0
578,2015-06-06,0,23,Clear,7,False,Spring,6,6,0.0
579,2015-01-24,1800,77,Sunny,7,False,Winter,1,24,1.0
580,2015-11-02,0,6,Clear,2,False,Autumn,11,2,0.0
581,2015-10-23,1800,112,Sunny,6,False,Autumn,10,23,1.0
582,2015-07-13,1800,175,Sunny,2,False,Summer,7,13,2.0
583,2015-05-27,1200,300,Partly cloudy,4,False,Spring,5,27,2.0
584,2015-02-25,1800,128,Cloudy,4,False,Winter,2,25,1.0
585,2015-02-15,0,13,Moderate or heavy rain with thunder,1,False,Winter,2,15,0.0
586,2015-02-13,1200,174,Cloudy,6,False,Winter,2,13,2.0
587,2015-09-26,1800,77,Partly cloudy,7,False,Autumn,9,26,1.0
588,2015-09-24,600,356,Clear,5,False,Autumn,9,24,2.0
589,2015-09-12,0,22,Clear,7,False,Summer,9,12,0.0
590,2015-05-29,1800,146,Sunny,6,False,Spring,5,29,2.0
591,2015-04-14,0,11,Clear,3,False,Spring,4,14,0.0
592,2015-03-08,0,19,Clear,1,False,Winter,3,8,0.0
593,2015-01-22,0,4,Light rain shower,5,False,Winter,1,22,0.0
594,2015-11-03,0,10,Clear,3,False,Autumn,11,3,0.0
595,2015-09-03,1200,171,Partly cloudy,5,False,Summer,9,3,2.0
596,2015-07-15,1200,130,Sunny,4,False,Summer,7,15,1.0
597,2015-07-02,1200,176,Sunny,5,False,Summer,7,2,2.0
598,2015-04-28,1200,323,Patchy light drizzle,3,False,Spring,4,28,2.0
599,2015-03-21,0,29,Clear,7,False,Winter,3,21,0.0
600,2015-02-26,1200,257,Partly cloudy,5,False,Winter,2,26,2.0
601,2015-01-15,600,247,Cloudy,5,False,Winter,1,15,2.0
602,2015-10-01,0,13,Cloudy,5,False,Autumn,10,1,0.0
603,2015-09-24,0,13,Patchy rain possible,5,False,Autumn,9,24,0.0
604,2015-09-14,1800,142,Sunny,2,False,Summer,9,14,1.0
605,2015-09-12,600,53,Clear,7,False,Summer,9,12,1.0
606,2015-08-17,1200,64,Sunny,2,False,Summer,8,17,1.0
607,2015-05-13,0,6,Clear,4,False,Spring,5,13,0.0
608,2015-02-17,1800,108,Sunny,3,False,Winter,2,17,1.0
609,2015-01-12,1200,215,Sunny,2,False,Winter,1,12,2.0
610,2015-12-22,0,6,Light drizzle,3,False,Winter,12,22,0.0
611,2015-11-11,1800,130,Sunny,4,False,Autumn,11,11,1.0
612,2015-07-03,1200,180,Sunny,6,False,Summer,7,3,2.0
613,2015-02-09,600,204,Clear,2,False,Winter,2,9,2.0
614,2015-01-30,600,158,Moderate or heavy rain shower,6,False,Winter,1,30,2.0
615,2015-11-28,1200,82,Overcast,7,False,Autumn,11,28,1.0
616,2015-10-15,1200,330,Partly cloudy,5,False,Autumn,10,15,2.0
617,2015-05-17,0,50,Clear,1,False,Spring,5,17,1.0
618,2015-04-02,1200,227,Sunny,5,False,Spring,4,2,2.0
619,2015-03-25,600,232,Patchy rain possible,4,False,Spring,3,25,2.0
620,2015-03-21,1800,89,Light drizzle,7,False,Winter,3,21,1.0
621,2015-02-02,1800,128,Patchy rain possible,2,False,Winter,2,2,1.0
622,2015-12-22,600,84,Light drizzle,3,False,Winter,12,22,1.0
623,2015-11-06,0,11,Clear,6,False,Autumn,11,6,0.0
624,2015-09-21,600,301,Clear,2,False,Summer,9,21,2.0
625,2015-08-10,0,2,Clear,2,False,Summer,8,10,0.0
626,2015-06-04,600,317,Clear,5,False,Spring,6,4,2.0
627,2015-05-16,1800,85,Moderate or heavy rain shower,7,False,Spring,5,16,1.0
628,2015-04-30,600,317,Light rain shower,5,False,Spring,4,30,2.0
629,2015-02-25,0,13,Patchy rain possible,4,False,Winter,2,25,0.0
630,2015-12-17,0,9,Clear,5,False,Autumn,12,17,0.0
631,2015-08-13,1800,29,Sunny,5,False,Summer,8,13,0.0
632,2015-06-03,600,328,Clear,4,False,Spring,6,3,2.0
633,2015-03-18,1200,344,Sunny,4,False,Winter,3,18,2.0
634,2015-01-30,0,4,Heavy rain,6,False,Winter,1,30,0.0
635,2015-01-15,0,8,Partly cloudy,5,False,Winter,1,15,0.0
636,2015-01-14,1800,116,Patchy rain possible,4,False,Winter,1,14,1.0
637,2015-01-03,1200,32,Sunny,7,False,Winter,1,3,0.0
638,2015-11-07,1200,104,Sunny,7,False,Autumn,11,7,1.0
639,2015-09-01,0,11,Clear,3,False,Summer,9,1,0.0
640,2015-08-28,1800,62,Sunny,6,False,Summer,8,28,1.0
641,2015-08-02,600,16,Clear,1,False,Summer,8,2,0.0
642,2015-03-14,600,52,Light rain shower,7,False,Winter,3,14,1.0
643,2015-03-08,600,27,Clear,1,False,Winter,3,8,0.0
644,2015-11-01,600,18,Clear,1,True,Autumn,11,1,0.0
645,2015-09-27,1800,63,Sunny,1,False,Autumn,9,27,1.0
646,2015-07-06,0,15,Clear,2,False,Summer,7,6,0.0
647,2015-06-21,0,25,Clear,1,False,Spring,6,21,0.0
648,2015-05-27,0,19,Patchy rain possible,4,False,Spring,5,27,0.0
649,2015-05-17,600,30,Clear,1,False,Spring,5,17,0.0
650,2015-05-07,1200,315,Cloudy,5,False,Spring,5,7,2.0
651,2015-02-27,1200,266,Sunny,6,False,Winter,2,27,2.0
652,2015-01-25,1200,52,Cloudy,1,False,Winter,1,25,1.0
653,2015-12-26,0,1,Clear,7,True,Winter,12,26,0.0
654,2015-10-28,1800,87,Light rain shower,4,False,Autumn,10,28,1.0
655,2015-10-26,600,379,Clear,2,False,Autumn,10,26,2.0
656,2015-09-26,0,29,Clear,7,False,Autumn,9,26,0.0
657,2015-08-01,0,15,Clear,7,False,Summer,8,1,0.0
658,2015-06-01,600,141,Clear,2,False,Spring,6,1,1.0
659,2015-05-29,0,10,Clear,6,False,Spring,5,29,0.0
660,2015-05-26,1800,156,Patchy rain possible,3,False,Spring,5,26,2.0
661,2015-05-08,1800,149,Sunny,6,False,Spring,5,8,2.0
662,2015-04-11,1800,88,Sunny,7,False,Spring,4,11,1.0
663,2015-03-14,1200,139,Overcast,7,False,Winter,3,14,1.0
664,2015-02-28,0,22,Partly cloudy,7,False,Winter,2,28,0.0
665,2015-11-04,1200,292,Patchy rain possible,4,False,Autumn,11,4,2.0
666,2015-10-24,0,26,Clear,7,False,Autumn,10,24,0.0
667,2015-09-29,0,7,Clear,3,False,Autumn,9,29,0.0
668,2015-08-11,1800,35,Partly cloudy,3,False,Summer,8,11,1.0
669,2015-08-10,1200,23,Sunny,2,False,Summer,8,10,0.0
670,2015-06-11,0,23,Clear,5,False,Spring,6,11,0.0
671,2015-05-02,600,29,Light drizzle,7,False,Spring,5,2,0.0
672,2015-04-07,1200,129,Sunny,3,False,Spring,4,7,1.0
673,2015-03-18,1800,147,Sunny,4,False,Winter,3,18,2.0
674,2015-01-23,1200,214,Sunny,6,False,Winter,1,23,2.0
675,2015-01-18,1800,56,Sunny,1,False,Winter,1,18,1.0
676,2015-01-01,600,7,Clear,5,True,Winter,1,1,0.0
677,2015-12-27,0,1,Clear,1,False,Winter,12,27,0.0
678,2015-10-08,600,327,Patchy rain possible,5,False,Autumn,10,8,2.0
679,2015-09-03,1800,106,Sunny,5,False,Summer,9,3,1.0
680,2015-08-24,0,4,Moderate or heavy rain shower,2,False,Summer,8,24,0.0
681,2015-06-28,600,31,Clear,1,False,Summer,6,28,0.0
682,2015-06-07,0,38,Clear,1,False,Spring,6,7,1.0
683,2015-04-05,1200,19,Partly cloudy,1,True,Spring,4,5,0.0
684,2015-01-23,600,204,Partly cloudy,6,False,Winter,1,23,2.0
685,2015-10-20,1800,151,Sunny,3,False,Autumn,10,20,2.0
686,2015-10-13,600,219,Light rain shower,3,False,Autumn,10,13,2.0
687,2015-06-28,1800,91,Sunny,1,False,Summer,6,28,1.0
688,2015-06-26,1800,135,Sunny,6,False,Summer,6,26,1.0
689,2015-05-03,1800,80,Sunny,1,False,Spring,5,3,1.0
690,2015-04-29,1200,340,Sunny,4,False,Spring,4,29,2.0
691,2015-02-13,0,9,Clear,6,False,Winter,2,13,0.0
692,2015-02-05,1200,119,Moderate rain,5,False,Winter,2,5,1.0
693,2015-01-31,1800,57,Light rain shower,7,False,Winter,1,31,1.0
694,2015-01-07,1800,76,Sunny,4,False,Winter,1,7,1.0
695,2015-11-25,1800,65,Light rain,4,False,Autumn,11,25,1.0
696,2015-11-01,1800,48,Sunny,1,True,Autumn,11,1,1.0
697,2015-10-15,1800,105,Sunny,5,False,Autumn,10,15,1.0
698,2015-09-07,0,8,Clear,2,False,Summer,9,7,0.0
699,2015-08-31,1800,90,Sunny,2,False,Summer,8,31,1.0
700,2015-08-06,1200,78,Sunny,5,False,Summer,8,6,1.0
701,2015-06-24,1200,204,Sunny,4,False,Summer,6,24,2.0
702,2015-06-09,0,10,Clear,3,False,Spring,6,9,0.0
703,2015-06-08,0,21,Clear,2,False,Spring,6,8,0.0
704,2015-06-02,600,60,Clear,3,True,Spring,6,2,1.0
705,2015-05-26,1200,304,Sunny,3,False,Spring,5,26,2.0
706,2015-05-20,1200,194,Patchy rain possible,4,False,Spring,5,20,2.0
707,2015-04-01,0,15,Clear,4,False,Spring,4,1,0.0
708,2015-02-26,600,373,Partly cloudy,5,False,Winter,2,26,2.0
709,2015-12-04,1200,234,Cloudy,6,False,Autumn,12,4,2.0
710,2015-11-22,1800,59,Partly cloudy,1,False,Autumn,11,22,1.0
711,2015-08-07,0,10,Clear,6,False,Summer,8,7,0.0
712,2015-08-01,1800,24,Patchy rain possible,7,False,Summer,8,1,0.0
713,2015-05-06,1200,346,Partly cloudy,4,False,Spring,5,6,2.0
714,2015-03-26,0,5,Moderate rain,5,False,Spring,3,26,0.0
715,2015-01-22,600,40,Partly cloudy,5,False,Winter,1,22,1.0
716,2015-12-31,0,5,Clear,5,True,Winter,12,31,0.0
717,2015-12-18,1800,62,Overcast,6,False,Autumn,12,18,1.0
718,2015-11-29,0,16,Partly cloudy,1,False,Autumn,11,29,0.0
719,2015-09-02,600,216,Clear,4,False,Summer,9,2,2.0
720,2015-09-01,600,178,Clear,3,False,Summer,9,1,2.0
721,2015-08-04,1200,85,Sunny,3,False,Summer,8,4,1.0
722,2015-05-14,600,374,Clear,5,False,Spring,5,14,2.0
723,2015-05-13,1200,325,Partly cloudy,4,False,Spring,5,13,2.0
724,2015-04-26,0,26,Clear,1,False,Spring,4,26,0.0
725,2015-04-17,0,15,Light rain,6,False,Spring,4,17,0.0
726,2015-12-23,0,5,Cloudy,4,False,Winter,12,23,0.0
727,2015-12-14,1200,236,Sunny,2,False,Autumn,12,14,2.0
728,2015-11-06,1200,307,Sunny,6,False,Autumn,11,6,2.0
729,2015-10-27,600,337,Patchy rain possible,3,False,Autumn,10,27,2.0
730,2015-09-28,0,20,Clear,2,False,Autumn,9,28,0.0
731,2015-08-19,600,27,Patchy light rain with thunder,4,False,Summer,8,19,0.0
732,2015-06-23,1800,165,Partly cloudy,3,False,Summer,6,23,2.0
733,2015-06-09,1800,177,Sunny,3,False,Spring,6,9,2.0
734,2015-04-25,1200,68,Partly cloudy,7,True,Spring,4,25,1.0
735,2015-04-09,1800,115,Sunny,5,False,Spring,4,9,1.0
736,2015-03-29,0,44,Partly cloudy,1,True,Spring,3,29,1.0
737,2015-03-24,0,14,Cloudy,3,False,Spring,3,24,0.0
738,2015-01-16,1800,111,Light rain shower,6,False,Winter,1,16,1.0
739,2015-11-13,1800,101,Sunny,6,False,Autumn,11,13,1.0
740,2015-10-31,0,30,Clear,7,False,Autumn,10,31,0.0
741,2015-09-05,1800,72,Sunny,7,False,Summer,9,5,1.0
742,2015-08-29,1800,41,Sunny,7,False,Summer,8,29,1.0
743,2015-07-01,0,23,Clear,4,False,Summer,7,1,0.0
744,2015-09-23,1200,257,Patchy rain possible,4,False,Autumn,9,23,2.0
745,2015-09-05,1200,72,Sunny,7,False,Summer,9,5,1.0
746,2015-06-16,1200,150,Sunny,3,False,Spring,6,16,2.0
747,2015-06-04,1200,221,Sunny,5,False,Spring,6,4,2.0
748,2015-04-06,0,3,Clear,2,True,Spring,4,6,0.0
749,2015-01-09,0,6,Patchy rain possible,6,False,Winter,1,9,0.0
750,2015-01-02,1800,24,Sunny,6,False,Winter,1,2,0.0
751,2015-11-24,600,333,Partly cloudy,3,False,Autumn,11,24,2.0
752,2015-11-17,0,6,Clear,3,False,Autumn,11,17,0.0
753,2015-10-10,1200,64,Patchy light drizzle,7,False,Autumn,10,10,1.0
754,2015-10-01,600,332,Patchy light drizzle,5,False,Autumn,10,1,2.0
755,2015-07-31,1200,130,Partly cloudy,6,False,Summer,7,31,1.0
756,2015-07-28,1800,120,Sunny,3,False,Summer,7,28,1.0
757,2015-07-03,0,23,Clear,6,False,Summer,7,3,0.0
758,2015-06-29,0,16,Clear,2,False,Summer,6,29,0.0
759,2015-04-30,1800,165,Sunny,5,False,Spring,4,30,2.0
760,2015-04-13,600,388,Clear,2,False,Spring,4,13,2.0
761,2015-04-12,1800,73,Sunny,1,False,Spring,4,12,1.0
762,2015-02-11,1800,138,Sunny,4,False,Winter,2,11,1.0
763,2015-02-11,1200,201,Sunny,4,False,Winter,2,11,2.0
764,2015-11-24,1800,120,Sunny,3,False,Autumn,11,24,1.0
765,2015-10-16,1800,89,Overcast,6,False,Autumn,10,16,1.0
766,2015-09-17,1800,120,Patchy rain possible,5,False,Summer,9,17,1.0
767,2015-07-11,0,29,Clear,7,False,Summer,7,11,0.0
768,2015-03-18,0,12,Clear,4,False,Winter,3,18,0.0
769,2015-02-20,600,214,Partly cloudy,6,False,Winter,2,20,2.0
770,2015-02-19,0,8,Clear,5,False,Winter,2,19,0.0
771,2015-11-11,600,367,Partly cloudy,4,False,Autumn,11,11,2.0
772,2015-10-03,600,48,Patchy rain possible,7,False,Autumn,10,3,1.0
773,2015-07-28,1200,151,Sunny,3,False,Summer,7,28,2.0
774,2015-06-09,1200,246,Sunny,3,False,Spring,6,9,2.0
775,2015-06-03,1200,271,Sunny,4,False,Spring,6,3,2.0
776,2015-05-10,600,33,Clear,1,True,Spring,5,10,0.0
777,2015-11-20,600,50,Partly cloudy,6,False,Autumn,11,20,1.0
778,2015-10-24,600,56,Clear,7,False,Autumn,10,24,1.0
779,2015-07-30,0,19,Clear,5,False,Summer,7,30,0.0
780,2015-06-14,1800,103,Patchy rain possible,1,False,Spring,6,14,1.0
781,2015-04-06,1800,30,Partly cloudy,2,True,Spring,4,6,0.0
782,2015-03-03,0,5,Clear,3,False,Winter,3,3,0.0
783,2015-02-25,600,333,Partly cloudy,4,False,Winter,2,25,2.0
784,2015-01-19,1200,225,Partly cloudy,2,False,Winter,1,19,2.0
785,2015-12-28,0,3,Clear,2,False,Winter,12,28,0.0
786,2015-08-19,0,5,Light rain shower,4,False,Summer,8,19,0.0
787,2015-06-20,600,68,Clear,7,False,Spring,6,20,1.0
788,2015-05-28,1200,329,Sunny,5,False,Spring,5,28,2.0
789,2015-03-06,1800,135,Sunny,6,False,Winter,3,6,1.0
790,2015-02-06,1200,130,Patchy light drizzle,6,False,Winter,2,6,1.0
791,2015-12-19,1800,38,Partly cloudy,7,False,Autumn,12,19,1.0
792,2015-10-09,600,317,Clear,6,False,Autumn,10,9,2.0
793,2015-09-17,1200,174,Partly cloudy,5,False,Summer,9,17,2.0
794,2015-09-09,1800,99,Sunny,4,False,Summer,9,9,1.0
795,2015-08-08,600,18,Clear,7,False,Summer,8,8,0.0
796,2015-04-06,1200,34,Partly cloudy,2,True,Spring,4,6,0.0
797,2015-02-10,0,1,Partly cloudy,3,False,Winter,2,10,0.0
798,2015-12-08,1800,44,Sunny,3,True,Autumn,12,8,1.0
799,2015-08-27,600,82,Clear,5,False,Summer,8,27,1.0
800,2015-06-13,1200,102,Sunny,7,False,Spring,6,13,1.0
801,2015-05-22,1200,209,Patchy light rain,6,False,Spring,5,22,2.0
802,2015-04-24,1800,134,Sunny,6,False,Spring,4,24,1.0
803,2015-04-16,1800,183,Sunny,5,False,Spring,4,16,2.0
804,2015-04-12,600,40,Clear,1,False,Spring,4,12,1.0
805,2015-03-31,0,7,Clear,3,False,Spring,3,31,0.0
806,2015-02-09,0,7,Clear,2,False,Winter,2,9,0.0
807,2015-01-04,600,11,Partly cloudy,1,False,Winter,1,4,0.0
808,2015-12-14,600,348,Clear,2,False,Autumn,12,14,2.0
809,2015-11-28,0,17,Clear,7,False,Autumn,11,28,0.0
810,2015-09-10,1200,181,Sunny,5,False,Summer,9,10,2.0
811,2015-07-25,1200,53,Sunny,7,False,Summer,7,25,1.0
812,2015-07-04,1800,109,Sunny,7,False,Summer,7,4,1.0
813,2015-07-04,0,23,Clear,7,False,Summer,7,4,0.0
814,2015-06-04,0,8,Clear,5,False,Spring,6,4,0.0
815,2015-05-05,1800,211,Sunny,3,False,Spring,5,5,2.0
816,2015-03-14,0,32,Clear,7,False,Winter,3,14,0.0
817,2015-01-10,1800,35,Sunny,7,False,Winter,1,10,1.0
818,2015-12-27,1200,12,Sunny,1,False,Winter,12,27,0.0
819,2015-11-08,1200,59,Sunny,1,False,Autumn,11,8,1.0
820,2015-10-20,600,387,Clear,3,False,Autumn,10,20,2.0
821,2015-07-23,1200,143,Sunny,5,False,Summer,7,23,2.0
822,2015-07-17,0,14,Clear,6,False,Summer,7,17,0.0
823,2015-04-20,600,403,Clear,2,False,Spring,4,20,2.0
824,2015-02-04,0,4,Light rain,4,False,Winter,2,4,0.0
825,2015-10-07,600,349,Patchy rain possible,4,False,Autumn,10,7,2.0
826,2015-06-23,600,247,Partly cloudy,3,False,Summer,6,23,2.0
827,2015-05-28,1800,163,Sunny,5,False,Spring,5,28,2.0
828,2015-04-01,600,315,Clear,4,False,Spring,4,1,2.0
829,2015-12-16,1800,109,Sunny,4,False,Autumn,12,16,1.0
830,2015-10-01,1800,77,Moderate rain,5,False,Autumn,10,1,1.0
831,2015-08-10,600,57,Partly cloudy,2,False,Summer,8,10,1.0
832,2015-04-21,1200,355,Sunny,3,False,Spring,4,21,2.0
833,2015-04-16,600,380,Overcast,5,False,Spring,4,16,2.0
834,2015-03-26,600,250,Light rain,5,False,Spring,3,26,2.0
835,2015-02-03,1200,126,Patchy light drizzle,3,False,Winter,2,3,1.0
836,2015-01-01,0,5,Clear,5,True,Winter,1,1,0.0
837,2015-12-29,1800,28,Sunny,3,False,Winter,12,29,0.0
838,2015-12-13,1200,25,Patchy rain possible,1,False,Autumn,12,13,0.0
839,2015-11-17,1800,126,Sunny,3,False,Autumn,11,17,1.0
840,2015-04-08,1200,216,Sunny,4,False,Spring,4,8,2.0
841,2015-03-29,1800,101,Sunny,1,True,Spring,3,29,1.0
842,2015-01-25,1800,51,Sunny,1,False,Winter,1,25,1.0
843,2015-11-09,600,352,Clear,2,False,Autumn,11,9,2.0
844,2015-10-30,1800,101,Sunny,6,False,Autumn,10,30,1.0
845,2015-10-29,600,223,Patchy rain possible,5,False,Autumn,10,29,2.0
846,2015-10-22,600,352,Clear,5,False,Autumn,10,22,2.0
847,2015-09-24,1800,147,Partly cloudy,5,False,Autumn,9,24,2.0
848,2015-08-22,600,19,Clear,7,False,Summer,8,22,0.0
849,2015-06-16,600,221,Partly cloudy,3,False,Spring,6,16,2.0
850,2015-05-24,1200,88,Partly cloudy,1,True,Spring,5,24,1.0
851,2015-03-10,1200,378,Sunny,3,False,Winter,3,10,2.0
852,2015-12-10,600,335,Partly cloudy,5,False,Autumn,12,10,2.0
853,2015-11-10,1200,339,Partly cloudy,3,False,Autumn,11,10,2.0
854,2015-07-24,600,217,Clear,6,False,Summer,7,24,2.0
855,2015-01-13,0,4,Clear,3,False,Winter,1,13,0.0
856,2015-01-06,1200,41,Patchy rain possible,3,True,Winter,1,6,1.0
857,2015-12-09,1200,244,Partly cloudy,4,False,Autumn,12,9,2.0
858,2015-11-14,0,16,Cloudy,7,False,Autumn,11,14,0.0
859,2015-07-29,1800,114,Sunny,4,False,Summer,7,29,1.0
860,2015-06-14,0,30,Clear,1,False,Spring,6,14,0.0
861,2015-06-01,1200,125,Sunny,2,False,Spring,6,1,1.0
862,2015-05-03,1200,75,Partly cloudy,1,False,Spring,5,3,1.0
863,2015-04-24,600,359,Partly cloudy,6,False,Spring,4,24,2.0
864,2015-03-20,0,9,Clear,6,False,Winter,3,20,0.0
865,2015-02-20,0,16,Partly cloudy,6,False,Winter,2,20,0.0
866,2015-01-18,600,23,Clear,1,False,Winter,1,18,0.0
867,2015-01-14,600,257,Patchy rain possible,4,False,Winter,1,14,2.0
868,2015-11-15,600,23,Mist,1,False,Autumn,11,15,0.0
869,2015-10-10,1800,38,Partly cloudy,7,False,Autumn,10,10,1.0
870,2015-09-25,600,324,Clear,6,False,Autumn,9,25,2.0
871,2015-09-15,0,12,Clear,3,False,Summer,9,15,0.0
872,2015-08-21,1800,32,Sunny,6,False,Summer,8,21,0.0
873,2015-08-18,600,68,Cloudy,3,False,Summer,8,18,1.0
874,2015-05-19,0,12,Clear,3,False,Spring,5,19,0.0
875,2015-05-07,600,402,Clear,5,False,Spring,5,7,2.0
876,2015-04-23,1200,355,Sunny,5,False,Spring,4,23,2.0
877,2015-12-18,1200,155,Patchy rain possible,6,False,Autumn,12,18,2.0
878,2015-11-26,1200,249,Sunny,5,False,Autumn,11,26,2.0
879,2015-11-22,600,16,Cloudy,1,False,Autumn,11,22,0.0
880,2015-10-26,1800,112,Sunny,2,False,Autumn,10,26,1.0
881,2015-10-25,1200,34,Cloudy,1,False,Autumn,10,25,0.0
882,2015-10-25,0,31,Cloudy,1,False,Autumn,10,25,0.0
883,2015-10-11,1200,56,Sunny,1,False,Autumn,10,11,1.0
884,2015-08-23,1200,35,Sunny,1,False,Summer,8,23,1.0
885,2015-07-02,0,24,Clear,5,False,Summer,7,2,0.0
886,2015-06-18,0,20,Clear,5,False,Spring,6,18,0.0
887,2015-04-12,1200,84,Sunny,1,False,Spring,4,12,1.0
888,2015-07-18,1800,86,Sunny,7,False,Summer,7,18,1.0
889,2015-06-24,1800,180,Sunny,4,False,Summer,6,24,2.0
890,2015-05-22,0,26,Patchy rain possible,6,False,Spring,5,22,0.0
891,2015-05-15,600,115,Patchy rain possible,6,False,Spring,5,15,1.0
892,2015-04-30,1200,324,Patchy rain possible,5,False,Spring,4,30,2.0
893,2015-04-13,1800,204,Sunny,2,False,Spring,4,13,2.0
894,2015-12-07,1800,66,Cloudy,2,False,Autumn,12,7,1.0
895,2015-10-13,0,4,Light rain shower,3,False,Autumn,10,13,0.0
896,2015-09-04,1200,165,Sunny,6,False,Summer,9,4,2.0
897,2015-07-09,1200,158,Partly cloudy,5,False,Summer,7,9,2.0
898,2015-04-08,0,9,Clear,4,False,Spring,4,8,0.0
899,2015-11-15,1200,77,Cloudy,1,False,Autumn,11,15,1.0
900,2015-10-27,1200,282,Patchy rain possible,3,False,Autumn,10,27,2.0
901,2015-09-09,0,15,Clear,4,False,Summer,9,9,0.0
902,2015-09-08,1800,133,Sunny,3,False,Summer,9,8,1.0
903,2015-08-28,0,4,Clear,6,False,Summer,8,28,0.0
904,2015-08-26,1800,49,Sunny,4,False,Summer,8,26,1.0
905,2015-08-14,600,45,Clear,6,False,Summer,8,14,1.0
906,2015-04-25,1800,83,Sunny,7,True,Spring,4,25,1.0
907,2015-04-20,1200,376,Sunny,2,False,Spring,4,20,2.0
908,2015-04-11,0,19,Partly cloudy,7,False,Spring,4,11,0.0
909,2015-02-07,1200,104,Partly cloudy,7,False,Winter,2,7,1.0
910,2015-12-20,0,20,Clear,1,False,Autumn,12,20,0.0
911,2015-11-10,1800,125,Sunny,3,False,Autumn,11,10,1.0
912,2015-09-15,600,233,Clear,3,False,Summer,9,15,2.0
913,2015-08-07,600,104,Clear,6,False,Summer,8,7,1.0
914,2015-07-26,600,21,Clear,1,False,Summer,7,26,0.0
915,2015-06-13,600,71,Clear,7,False,Spring,6,13,1.0
916,2015-04-26,1200,78,Light rain shower,1,False,Spring,4,26,1.0
917,2015-03-15,1800,47,Light rain,1,False,Winter,3,15,1.0
918,2015-02-24,1800,81,Light rain,3,False,Winter,2,24,1.0
919,2015-12-21,0,9,Clear,2,False,Autumn,12,21,0.0
920,2015-06-19,1800,142,Sunny,6,False,Spring,6,19,1.0
921,2015-05-13,600,362,Clear,4,False,Spring,5,13,2.0
922,2015-05-07,1800,165,Sunny,5,False,Spring,5,7,2.0
923,2015-04-03,1800,98,Partly cloudy,6,False,Spring,4,3,1.0
924,2015-03-12,1200,359,Sunny,5,False,Winter,3,12,2.0
925,2015-03-05,1200,266,Partly cloudy,5,False,Winter,3,5,2.0
926,2015-02-24,1200,129,Light drizzle,3,False,Winter,2,24,1.0
927,2015-02-18,600,263,Clear,4,False,Winter,2,18,2.0
928,2015-02-14,1200,52,Light rain shower,7,False,Winter,2,14,1.0
929,2015-01-20,1200,216,Partly cloudy,3,False,Winter,1,20,2.0
930,2015-01-07,0,5,Partly cloudy,4,False,Winter,1,7,0.0
931,2015-11-08,0,26,Partly cloudy,1,False,Autumn,11,8,0.0
932,2015-09-25,1800,142,Sunny,6,False,Autumn,9,25,1.0
933,2015-03-13,1200,309,Sunny,6,False,Winter,3,13,2.0
934,2015-01-18,0,19,Partly cloudy,1,False,Winter,1,18,0.0
935,2015-01-09,1800,73,Sunny,6,False,Winter,1,9,1.0
936,2015-10-09,0,18,Clear,6,False,Autumn,10,9,0.0
937,2015-09-27,0,29,Partly cloudy,1,False,Autumn,9,27,0.0
938,2015-02-13,1800,133,Patchy rain possible,6,False,Winter,2,13,1.0
939,2015-11-19,1200,289,Partly cloudy,5,False,Autumn,11,19,2.0
940,2015-10-12,1800,84,Light drizzle,2,False,Autumn,10,12,1.0
941,2015-07-24,0,24,Clear,6,False,Summer,7,24,0.0
942,2015-06-19,1200,217,Sunny,6,False,Spring,6,19,2.0
943,2015-03-13,1800,154,Sunny,6,False,Winter,3,13,2.0
944,2015-09-16,600,217,Light rain shower,4,False,Summer,9,16,2.0
945,2015-08-22,1200,30,Sunny,7,False,Summer,8,22,0.0
946,2015-08-05,1800,50,Sunny,4,False,Summer,8,5,1.0
947,2015-07-08,1800,126,Sunny,4,False,Summer,7,8,1.0
948,2015-05-26,0,9,Clear,3,False,Spring,5,26,0.0
949,2015-01-08,1800,95,Partly cloudy,5,False,Winter,1,8,1.0
950,2015-12-25,0,8,Clear,6,True,Winter,12,25,0.0
951,2015-11-22,1200,51,Sunny,1,False,Autumn,11,22,1.0
952,2015-10-22,0,13,Clear,5,False,Autumn,10,22,0.0
953,2015-09-06,600,32,Clear,1,False,Summer,9,6,0.0
954,2015-03-26,1800,189,Partly cloudy,5,False,Spring,3,26,2.0
955,2015-02-27,600,269,Clear,6,False,Winter,2,27,2.0
956,2015-02-23,1200,312,Sunny,2,False,Winter,2,23,2.0
957,2015-02-06,600,90,Patchy light drizzle,6,False,Winter,2,6,1.0
958,2015-01-23,0,20,Clear,6,False,Winter,1,23,0.0
959,2015-12-26,1200,12,Sunny,7,True,Winter,12,26,0.0
960,2015-12-22,1200,67,Patchy rain possible,3,False,Winter,12,22,1.0
961,2015-12-10,0,10,Clear,5,False,Autumn,12,10,0.0
962,2015-07-19,600,33,Clear,1,False,Summer,7,19,0.0
963,2015-05-19,1800,210,Partly cloudy,3,False,Spring,5,19,2.0
964,2015-04-15,0,10,Clear,4,False,Spring,4,15,0.0
965,2015-03-13,600,305,Clear,6,False,Winter,3,13,2.0
966,2015-03-06,0,17,Clear,6,False,Winter,3,6,0.0
967,2015-09-06,1200,66,Sunny,1,False,Summer,9,6,1.0
968,2015-02-14,1800,36,Light rain shower,7,False,Winter,2,14,1.0
969,2015-12-06,1200,51,Overcast,1,False,Autumn,12,6,1.0
970,2015-11-15,0,37,Partly cloudy,1,False,Autumn,11,15,1.0
971,2015-10-07,1800,108,Moderate or heavy rain shower,4,False,Autumn,10,7,1.0
972,2015-09-11,600,175,Clear,6,False,Summer,9,11,2.0
973,2015-04-23,1800,192,Sunny,5,False,Spring,4,23,2.0
974,2015-02-21,0,14,Overcast,7,False,Winter,2,21,0.0
975,2015-02-03,0,9,Patchy rain possible,3,False,Winter,2,3,0.0
976,2015-01-11,0,18,Mist,1,False,Winter,1,11,0.0
977,2015-12-09,1800,98,Sunny,4,False,Autumn,12,9,1.0
978,2015-09-13,0,26,Clear,1,False,Summer,9,13,0.0
979,2015-05-06,1800,171,Sunny,4,False,Spring,5,6,2.0
980,2015-04-29,1800,195,Patchy rain possible,4,False,Spring,4,29,2.0
981,2015-04-11,600,61,Partly cloudy,7,False,Spring,4,11,1.0
982,2015-03-28,1200,108,Sunny,7,False,Spring,3,28,1.0
983,2015-11-30,600,309,Partly cloudy,2,False,Autumn,11,30,2.0
984,2015-08-17,600,60,Patchy rain possible,2,False,Summer,8,17,1.0
985,2015-07-29,1200,133,Sunny,4,False,Summer,7,29,1.0
986,2015-07-18,1200,88,Sunny,7,False,Summer,7,18,1.0
987,2015-06-26,0,21,Clear,6,False,Summer,6,26,0.0
988,2015-04-06,600,20,Clear,2,True,Spring,4,6,0.0
989,2015-12-30,1800,19,Sunny,4,False,Winter,12,30,0.0
990,2015-10-29,0,6,Heavy rain,5,False,Autumn,10,29,0.0
991,2015-10-21,1800,138,Sunny,4,False,Autumn,10,21,1.0
992,2015-10-11,0,18,Partly cloudy,1,False,Autumn,10,11,0.0
993,2015-09-19,1800,72,Sunny,7,False,Summer,9,19,1.0
994,2015-08-31,0,7,Clear,2,False,Summer,8,31,0.0
995,2015-07-22,600,73,Clear,4,False,Summer,7,22,1.0
996,2015-07-07,1200,211,Sunny,3,False,Summer,7,7,2.0
997,2015-06-29,1200,197,Sunny,2,False,Summer,6,29,2.0
998,2015-06-26,1200,204,Sunny,6,False,Summer,6,26,2.0
999,2015-03-03,1800,182,Sunny,3,False,Winter,3,3,2.0
1000,2015-12-18,600,240,Partly cloudy,6,False,Autumn,12,18,2.0
1001,2015-12-04,0,4,Clear,6,False,Autumn,12,4,0.0
1002,2015-11-07,1800,56,Sunny,7,False,Autumn,11,7,1.0
1003,2015-09-13,600,14,Light rain shower,1,False,Summer,9,13,0.0
1004,2015-09-10,0,15,Clear,5,False,Summer,9,10,0.0
1005,2015-08-11,600,69,Clear,3,False,Summer,8,11,1.0
1006,2015-06-26,600,202,Clear,6,False,Summer,6,26,2.0
1007,2015-02-17,0,8,Patchy light drizzle,3,False,Winter,2,17,0.0
1008,2015-01-11,1200,54,Light drizzle,1,False,Winter,1,11,1.0
1009,2015-10-29,1200,245,Patchy rain possible,5,False,Autumn,10,29,2.0
1010,2015-10-18,0,17,Partly cloudy,1,False,Autumn,10,18,0.0
1011,2015-09-30,1200,349,Sunny,4,False,Autumn,9,30,2.0
1012,2015-07-30,1800,98,Sunny,5,False,Summer,7,30,1.0
1013,2015-06-22,1800,155,Sunny,2,False,Summer,6,22,2.0
1014,2015-04-01,1200,300,Sunny,4,False,Spring,4,1,2.0
1015,2015-10-29,1800,135,Sunny,5,False,Autumn,10,29,1.0
1016,2015-10-16,600,274,Light rain shower,6,False,Autumn,10,16,2.0
1017,2015-10-04,600,13,Light rain shower,1,False,Autumn,10,4,0.0
1018,2015-09-20,0,23,Clear,1,False,Summer,9,20,0.0
1019,2015-08-24,600,40,Patchy rain possible,2,False,Summer,8,24,1.0
1020,2015-08-21,600,65,Clear,6,False,Summer,8,21,1.0
1021,2015-08-20,1200,67,Sunny,5,False,Summer,8,20,1.0
1022,2015-08-10,1800,44,Patchy light rain with thunder,2,False,Summer,8,10,1.0
1023,2015-04-28,0,10,Light rain,3,False,Spring,4,28,0.0
1024,2015-04-08,1800,99,Sunny,4,False,Spring,4,8,1.0
1025,2015-01-16,600,236,Light drizzle,6,False,Winter,1,16,2.0
1026,2015-07-22,1200,144,Sunny,4,False,Summer,7,22,2.0
1027,2015-07-16,1200,140,Sunny,5,False,Summer,7,16,1.0
1028,2015-05-16,600,64,Overcast,7,False,Spring,5,16,1.0
1029,2015-01-18,1200,81,Sunny,1,False,Winter,1,18,1.0
1030,2015-11-21,1200,47,Light rain shower,7,False,Autumn,11,21,1.0
1031,2015-10-22,1800,130,Sunny,5,False,Autumn,10,22,1.0
1032,2015-10-18,1200,51,Partly cloudy,1,False,Autumn,10,18,1.0
1033,2015-09-03,600,200,Clear,5,False,Summer,9,3,2.0
1034,2015-08-26,0,7,Clear,4,False,Summer,8,26,0.0
1035,2015-08-07,1200,67,Sunny,6,False,Summer,8,7,1.0
1036,2015-06-27,1200,83,Sunny,7,False,Summer,6,27,1.0
1037,2015-10-20,1200,335,Sunny,3,False,Autumn,10,20,2.0
1038,2015-10-03,0,15,Light rain shower,7,False,Autumn,10,3,0.0
1039,2015-07-15,1800,124,Sunny,4,False,Summer,7,15,1.0
1040,2015-04-04,1200,10,Light rain shower,7,False,Spring,4,4,0.0
1041,2015-02-10,600,194,Cloudy,3,False,Winter,2,10,2.0
1042,2015-01-17,600,50,Light rain shower,7,False,Winter,1,17,1.0
1043,2015-07-16,600,230,Clear,5,False,Summer,7,16,2.0
1044,2015-07-04,600,63,Clear,7,False,Summer,7,4,1.0
1045,2015-06-22,0,17,Clear,2,False,Summer,6,22,0.0
1046,2015-05-02,1200,62,Light rain shower,7,False,Spring,5,2,1.0
1047,2015-04-14,1800,197,Sunny,3,False,Spring,4,14,2.0
1048,2015-10-20,0,3,Clear,3,False,Autumn,10,20,0.0
1049,2015-07-08,1200,159,Sunny,4,False,Summer,7,8,2.0
1050,2015-07-04,1200,83,Sunny,7,False,Summer,7,4,1.0
1051,2015-06-29,1800,148,Sunny,2,False,Summer,6,29,2.0
1052,2015-06-20,0,30,Clear,7,False,Spring,6,20,0.0
1053,2015-06-04,1800,165,Sunny,5,False,Spring,6,4,2.0
1054,2015-05-11,600,369,Clear,2,False,Spring,5,11,2.0
1055,2015-03-02,0,8,Light drizzle,2,False,Winter,3,2,0.0
1056,2015-11-29,1800,40,Overcast,1,False,Autumn,11,29,1.0
1057,2015-08-27,1800,58,Sunny,5,False,Summer,8,27,1.0
1058,2015-03-02,1200,248,Light rain,2,False,Winter,3,2,2.0
1059,2015-02-16,1800,122,Patchy light rain,2,False,Winter,2,16,1.0
1060,2015-02-06,0,8,Heavy rain,6,False,Winter,2,6,0.0
1061,2015-11-27,0,12,Clear,6,False,Autumn,11,27,0.0
1062,2015-11-14,600,52,Light drizzle,7,False,Autumn,11,14,1.0
1063,2015-11-11,0,7,Mist,4,False,Autumn,11,11,0.0
1064,2015-07-25,600,23,Light rain shower,7,False,Summer,7,25,0.0
1065,2015-05-07,0,16,Clear,5,False,Spring,5,7,0.0
1066,2015-04-17,600,324,Partly cloudy,6,False,Spring,4,17,2.0
1067,2015-01-13,1200,179,Sunny,3,False,Winter,1,13,2.0
1068,2015-12-25,1200,25,Sunny,6,True,Winter,12,25,0.0
1069,2015-12-24,1800,10,Patchy rain possible,5,False,Winter,12,24,0.0
1070,2015-12-23,600,91,Cloudy,4,False,Winter,12,23,1.0
1071,2015-11-14,1200,93,Patchy rain possible,7,False,Autumn,11,14,1.0
1072,2015-09-05,600,57,Light rain shower,7,False,Summer,9,5,1.0
1073,2015-07-21,0,11,Clear,3,False,Summer,7,21,0.0
1074,2015-07-06,1800,148,Partly cloudy,2,False,Summer,7,6,2.0
1075,2015-06-23,1200,212,Partly cloudy,3,False,Summer,6,23,2.0
1076,2015-06-14,600,23,Partly cloudy,1,False,Spring,6,14,0.0
1077,2015-04-27,1800,24,Moderate or heavy rain shower,2,False,Spring,4,27,0.0
1078,2015-02-17,1200,273,Sunny,3,False,Winter,2,17,2.0
1079,2015-01-26,1800,107,Sunny,2,False,Winter,1,26,1.0
1080,2015-01-17,0,22,Light rain shower,7,False,Winter,1,17,0.0
1081,2015-12-11,600,263,Partly cloudy,6,False,Autumn,12,11,2.0
1082,2015-12-08,600,19,Patchy rain possible,3,True,Autumn,12,8,0.0
1083,2015-11-23,0,8,Clear,2,False,Autumn,11,23,0.0
1084,2015-10-08,1200,355,Sunny,5,False,Autumn,10,8,2.0
1085,2015-08-06,600,93,Clear,5,False,Summer,8,6,1.0
1086,2015-07-26,1200,29,Sunny,1,False,Summer,7,26,0.0
1087,2015-07-15,0,25,Clear,4,False,Summer,7,15,0.0
1088,2015-06-27,0,22,Clear,7,False,Summer,6,27,0.0
1089,2015-05-05,600,401,Clear,3,False,Spring,5,5,2.0
1090,2015-04-16,1200,368,Overcast,5,False,Spring,4,16,2.0
1091,2015-03-30,600,335,Cloudy,2,False,Spring,3,30,2.0
1092,2015-10-15,0,4,Moderate rain at times,5,False,Autumn,10,15,0.0
1093,2015-09-27,600,28,Clear,1,False,Autumn,9,27,0.0
1094,2015-06-02,1200,69,Sunny,3,True,Spring,6,2,1.0
1095,2015-05-20,0,16,Clear,4,False,Spring,5,20,0.0
1096,2015-02-21,1800,11,Light rain,7,False,Winter,2,21,0.0
1097,2015-12-06,0,19,Clear,1,False,Autumn,12,6,0.0
1098,2015-09-06,0,42,Clear,1,False,Summer,9,6,1.0
1099,2015-08-25,1800,47,Sunny,3,False,Summer,8,25,1.0
1100,2015-08-20,600,57,Clear,5,False,Summer,8,20,1.0
1101,2015-08-19,1200,70,Sunny,4,False,Summer,8,19,1.0
1102,2015-07-28,600,210,Clear,3,False,Summer,7,28,2.0
1103,2015-05-13,1800,172,Sunny,4,False,Spring,5,13,2.0
1104,2015-03-18,600,337,Clear,4,False,Winter,3,18,2.0
1105,2015-02-16,600,315,Patchy rain possible,2,False,Winter,2,16,2.0
1106,2015-11-27,1800,82,Sunny,6,False,Autumn,11,27,1.0
1107,2015-09-08,1200,173,Sunny,3,False,Summer,9,8,2.0
1108,2015-06-27,1800,116,Sunny,7,False,Summer,6,27,1.0
1109,2015-05-27,600,244,Cloudy,4,False,Spring,5,27,2.0
1110,2015-03-23,600,384,Partly cloudy,2,False,Spring,3,23,2.0
1111,2015-01-20,1800,136,Partly cloudy,3,False,Winter,1,20,1.0
1112,2015-08-11,0,5,Patchy rain possible,3,False,Summer,8,11,0.0
1113,2015-04-22,600,444,Clear,4,False,Spring,4,22,2.0
1114,2015-12-11,1200,211,Sunny,6,False,Autumn,12,11,2.0
1115,2015-10-22,1200,336,Sunny,5,False,Autumn,10,22,2.0
1116,2015-10-18,600,20,Partly cloudy,1,False,Autumn,10,18,0.0
1117,2015-04-02,600,200,Clear,5,False,Spring,4,2,2.0
1118,2015-02-01,1800,45,Sunny,1,False,Winter,2,1,1.0
1119,2015-09-17,600,231,Cloudy,5,False,Summer,9,17,2.0
1120,2015-09-08,600,205,Clear,3,False,Summer,9,8,2.0
1121,2015-07-20,1800,134,Sunny,2,False,Summer,7,20,1.0
1122,2015-07-13,1200,151,Sunny,2,False,Summer,7,13,2.0
1123,2015-06-18,1800,163,Sunny,5,False,Spring,6,18,2.0
1124,2015-05-20,1800,177,Sunny,4,False,Spring,5,20,2.0
1125,2015-04-19,1200,88,Cloudy,1,False,Spring,4,19,1.0
1126,2015-03-22,1800,94,Sunny,1,False,Spring,3,22,1.0
1127,2015-03-09,1200,372,Sunny,2,False,Winter,3,9,2.0
1128,2015-09-23,0,15,Patchy rain possible,4,False,Autumn,9,23,0.0
1129,2015-09-03,0,11,Clear,5,False,Summer,9,3,0.0
1130,2015-07-18,0,22,Clear,7,False,Summer,7,18,0.0
1131,2015-06-16,0,18,Patchy rain possible,3,False,Spring,6,16,0.0
1132,2015-05-02,1800,63,Sunny,7,False,Spring,5,2,1.0
1133,2015-01-24,600,76,Partly cloudy,7,False,Winter,1,24,1.0
1134,2015-08-26,1200,86,Sunny,4,False,Summer,8,26,1.0
1135,2015-03-10,600,399,Clear,3,False,Winter,3,10,2.0
1136,2015-12-14,1800,89,Sunny,2,False,Autumn,12,14,1.0
1137,2015-11-08,600,30,Overcast,1,False,Autumn,11,8,0.0
1138,2015-09-25,1200,269,Partly cloudy,6,False,Autumn,9,25,2.0
1139,2015-06-09,600,193,Clear,3,False,Spring,6,9,2.0
1140,2015-05-31,1800,90,Sunny,1,False,Spring,5,31,1.0
1141,2015-03-17,0,4,Light rain,3,False,Winter,3,17,0.0
1142,2015-01-06,1800,32,Patchy light drizzle,3,True,Winter,1,6,0.0
1143,2015-01-05,1200,83,Sunny,2,False,Winter,1,5,1.0
1144,2015-12-24,1200,43,Overcast,5,False,Winter,12,24,1.0
1145,2015-11-18,0,12,Cloudy,4,False,Autumn,11,18,0.0
1146,2015-11-13,600,319,Clear,6,False,Autumn,11,13,2.0
1147,2015-10-27,1800,63,Cloudy,3,False,Autumn,10,27,1.0
1148,2015-10-26,0,5,Overcast,2,False,Autumn,10,26,0.0
1149,2015-04-07,1800,85,Sunny,3,False,Spring,4,7,1.0
1150,2015-10-31,600,57,Clear,7,False,Autumn,10,31,1.0
1151,2015-09-28,1200,291,Sunny,2,False,Autumn,9,28,2.0
1152,2015-09-19,600,67,Partly cloudy,7,False,Summer,9,19,1.0
1153,2015-07-23,1800,116,Sunny,5,False,Summer,7,23,1.0
1154,2015-07-19,0,24,Clear,1,False,Summer,7,19,0.0
1155,2015-05-22,1800,129,Patchy light drizzle,6,False,Spring,5,22,1.0
1156,2015-05-11,0,18,Clear,2,False,Spring,5,11,0.0
1157,2015-03-09,1800,155,Sunny,2,False,Winter,3,9,2.0
1158,2015-02-01,600,24,Light rain shower,1,False,Winter,2,1,0.0
1159,2015-08-06,1800,50,Sunny,5,False,Summer,8,6,1.0
1160,2015-07-10,600,232,Clear,6,False,Summer,7,10,2.0
1161,2015-07-06,600,223,Clear,2,False,Summer,7,6,2.0
1162,2015-06-15,600,227,Patchy rain possible,2,False,Spring,6,15,2.0
1163,2015-05-24,0,23,Patchy rain possible,1,True,Spring,5,24,0.0
1164,2015-04-11,1200,117,Partly cloudy,7,False,Spring,4,11,1.0
1165,2015-12-27,1800,19,Sunny,1,False,Winter,12,27,0.0
1166,2015-12-22,1800,41,Patchy rain possible,3,False,Winter,12,22,1.0
1167,2015-10-06,0,12,Light drizzle,3,False,Autumn,10,6,0.0
1168,2015-08-09,1200,13,Sunny,1,False,Summer,8,9,0.0
1169,2015-06-24,600,181,Partly cloudy,4,False,Summer,6,24,2.0
1170,2015-06-11,600,258,Clear,5,False,Spring,6,11,2.0
1171,2015-02-18,1200,260,Sunny,4,False,Winter,2,18,2.0
1172,2015-02-18,0,6,Clear,4,False,Winter,2,18,0.0
1173,2015-02-16,0,4,Light rain shower,2,False,Winter,2,16,0.0
1174,2015-02-01,1200,56,Light rain shower,1,False,Winter,2,1,1.0
1175,2015-01-30,1800,90,Sunny,6,False,Winter,1,30,1.0
1176,2015-12-04,1800,102,Cloudy,6,False,Autumn,12,4,1.0
1177,2015-11-18,600,353,Partly cloudy,4,False,Autumn,11,18,2.0
1178,2015-08-21,1200,77,Partly cloudy,6,False,Summer,8,21,1.0
1179,2015-12-21,600,158,Cloudy,2,False,Autumn,12,21,2.0
1180,2015-12-07,1200,112,Light drizzle,2,False,Autumn,12,7,1.0
1181,2015-08-30,1800,38,Sunny,1,False,Summer,8,30,1.0
1182,2015-05-30,1800,76,Sunny,7,False,Spring,5,30,1.0
1183,2015-04-25,600,47,Clear,7,True,Spring,4,25,1.0
1184,2015-04-25,0,23,Clear,7,True,Spring,4,25,0.0
1185,2015-02-04,1800,105,Light rain,4,False,Winter,2,4,1.0
1186,2015-12-30,0,2,Patchy rain possible,4,False,Winter,12,30,0.0
1187,2015-11-10,600,337,Partly cloudy,3,False,Autumn,11,10,2.0
1188,2015-11-04,1800,97,Light rain shower,4,False,Autumn,11,4,1.0
1189,2015-11-03,1800,130,Overcast,3,False,Autumn,11,3,1.0
1190,2015-09-04,600,181,Patchy rain possible,6,False,Summer,9,4,2.0
1191,2015-06-25,1200,174,Sunny,5,False,Summer,6,25,2.0
1192,2015-05-28,600,319,Clear,5,False,Spring,5,28,2.0
1193,2015-03-28,1800,80,Sunny,7,False,Spring,3,28,1.0
1194,2015-03-28,0,20,Clear,7,False,Spring,3,28,0.0
1195,2015-02-12,0,11,Clear,5,False,Winter,2,12,0.0
1196,2015-11-30,0,6,Clear,2,False,Autumn,11,30,0.0
1197,2015-10-13,1800,134,Patchy rain possible,3,False,Autumn,10,13,1.0
1198,2015-09-29,1200,357,Partly cloudy,3,False,Autumn,9,29,2.0
1199,2015-08-23,0,7,Clear,1,False,Summer,8,23,0.0
1200,2015-07-13,600,232,Clear,2,False,Summer,7,13,2.0
1201,2015-01-28,1200,180,Sunny,4,False,Winter,1,28,2.0
1202,2015-12-17,600,260,Clear,5,False,Autumn,12,17,2.0
1203,2015-12-13,0,18,Light drizzle,1,False,Autumn,12,13,0.0
1204,2015-11-03,600,384,Clear,3,False,Autumn,11,3,2.0
1205,2015-10-19,600,366,Partly cloudy,2,False,Autumn,10,19,2.0
1206,2015-10-05,600,349,Cloudy,2,False,Autumn,10,5,2.0
1207,2015-08-01,1200,55,Partly cloudy,7,False,Summer,8,1,1.0
1208,2015-07-09,0,20,Clear,5,False,Summer,7,9,0.0
1209,2015-04-04,1800,10,Light rain shower,7,False,Spring,4,4,0.0
1210,2015-01-16,1200,195,Light drizzle,6,False,Winter,1,16,2.0
1211,2015-01-15,1800,123,Sunny,5,False,Winter,1,15,1.0
1212,2015-01-07,600,152,Partly cloudy,4,False,Winter,1,7,2.0
1213,2015-12-12,1800,40,Overcast,7,False,Autumn,12,12,1.0
1214,2015-09-16,1200,176,Sunny,4,False,Summer,9,16,2.0
1215,2015-08-25,0,4,Clear,3,False,Summer,8,25,0.0
1216,2015-06-18,1200,205,Sunny,5,False,Spring,6,18,2.0
1217,2015-05-16,1200,121,Thundery outbreaks possible,7,False,Spring,5,16,1.0
1218,2015-05-08,600,318,Clear,6,False,Spring,5,8,2.0
1219,2015-03-23,0,7,Partly cloudy,2,False,Spring,3,23,0.0
1220,2015-01-27,1200,168,Sunny,3,False,Winter,1,27,2.0
1221,2015-10-24,1800,48,Partly cloudy,7,False,Autumn,10,24,1.0
1222,2015-10-16,0,14,Patchy rain possible,6,False,Autumn,10,16,0.0
1223,2015-10-14,0,5,Patchy rain possible,4,False,Autumn,10,14,0.0
1224,2015-06-21,1800,66,Sunny,1,False,Spring,6,21,1.0
1225,2015-04-22,1200,383,Sunny,4,False,Spring,4,22,2.0
1226,2015-02-18,1800,143,Sunny,4,False,Winter,2,18,2.0
1227,2015-01-20,600,242,Overcast,3,False,Winter,1,20,2.0
1228,2015-01-19,600,239,Clear,2,False,Winter,1,19,2.0
1229,2015-12-30,1200,42,Sunny,4,False,Winter,12,30,1.0
1230,2015-12-07,600,143,Partly cloudy,2,False,Autumn,12,7,2.0
1231,2015-12-06,600,17,Partly cloudy,1,False,Autumn,12,6,0.0
1232,2015-08-18,0,2,Patchy rain possible,3,False,Summer,8,18,0.0
1233,2015-06-05,1800,142,Sunny,6,False,Spring,6,5,1.0
1234,2015-05-17,1200,81,Sunny,1,False,Spring,5,17,1.0
1235,2015-05-04,1200,337,Partly cloudy,2,False,Spring,5,4,2.0
1236,2015-03-25,1800,129,Light rain,4,False,Spring,3,25,1.0
1237,2015-02-19,1800,126,Sunny,5,False,Winter,2,19,1.0
1238,2015-10-28,1200,221,Light rain shower,4,False,Autumn,10,28,2.0
1239,2015-10-10,600,67,Partly cloudy,7,False,Autumn,10,10,1.0
1240,2015-10-02,1800,91,Moderate or heavy rain shower,6,False,Autumn,10,2,1.0
1241,2015-09-21,0,8,Clear,2,False,Summer,9,21,0.0
1242,2015-09-20,1800,80,Sunny,1,False,Summer,9,20,1.0
1243,2015-07-14,1200,179,Sunny,3,False,Summer,7,14,2.0
1244,2015-06-20,1800,86,Patchy rain possible,7,False,Spring,6,20,1.0
1245,2015-03-17,1800,173,Sunny,3,False,Winter,3,17,2.0
1246,2015-02-28,1200,79,Partly cloudy,7,False,Winter,2,28,1.0
1247,2015-12-13,1800,33,Cloudy,1,False,Autumn,12,13,0.0
1248,2015-12-04,600,279,Cloudy,6,False,Autumn,12,4,2.0
1249,2015-08-19,1800,28,Sunny,4,False,Summer,8,19,0.0
1250,2015-08-09,600,9,Clear,1,False,Summer,8,9,0.0
1251,2015-03-12,600,410,Clear,5,False,Winter,3,12,2.0
1252,2015-01-09,600,225,Cloudy,6,False,Winter,1,9,2.0
1253,2015-07-05,600,39,Clear,1,False,Summer,7,5,1.0
1254,2015-04-19,1800,96,Partly cloudy,1,False,Spring,4,19,1.0
1255,2015-11-05,0,9,Clear,5,False,Autumn,11,5,0.0
1256,2015-09-14,600,213,Patchy rain possible,2,False,Summer,9,14,2.0
1257,2015-06-08,1200,199,Sunny,2,False,Spring,6,8,2.0
1258,2015-04-01,1800,123,Sunny,4,False,Spring,4,1,1.0
1259,2015-02-21,1200,40,Light rain,7,False,Winter,2,21,1.0
1260,2015-01-26,1200,174,Sunny,2,False,Winter,1,26,2.0
1261,2015-06-17,1200,96,Light rain shower,4,True,Spring,6,17,1.0
1262,2015-03-05,0,1,Moderate rain,5,False,Winter,3,5,0.0
1263,2015-01-20,0,6,Overcast,3,False,Winter,1,20,0.0
1264,2015-11-30,1200,281,Overcast,2,False,Autumn,11,30,2.0
1265,2015-09-30,0,22,Clear,4,False,Autumn,9,30,0.0
1266,2015-09-29,600,295,Partly cloudy,3,False,Autumn,9,29,2.0
1267,2015-08-13,0,9,Clear,5,False,Summer,8,13,0.0
1268,2015-07-27,1800,115,Sunny,2,False,Summer,7,27,1.0
1269,2015-03-08,1800,61,Sunny,1,False,Winter,3,8,1.0
1270,2015-02-13,600,193,Partly cloudy,6,False,Winter,2,13,2.0
1271,2015-11-18,1800,112,Partly cloudy,4,False,Autumn,11,18,1.0
1272,2015-07-12,600,31,Clear,1,False,Summer,7,12,0.0
1273,2015-06-29,600,256,Clear,2,False,Summer,6,29,2.0
1274,2015-06-20,1200,78,Sunny,7,False,Spring,6,20,1.0
1275,2015-04-16,0,6,Clear,5,False,Spring,4,16,0.0
1276,2015-12-28,1800,18,Sunny,2,False,Winter,12,28,0.0
1277,2015-12-05,1200,111,Cloudy,7,False,Autumn,12,5,1.0
1278,2015-11-16,1200,401,Sunny,2,False,Autumn,11,16,2.0
1279,2015-10-05,1200,356,Partly cloudy,2,False,Autumn,10,5,2.0
1280,2015-08-13,1200,38,Sunny,5,False,Summer,8,13,1.0
1281,2015-05-29,600,271,Clear,6,False,Spring,5,29,2.0
1282,2015-03-27,0,18,Partly cloudy,6,False,Spring,3,27,0.0
1283,2015-03-21,600,72,Clear,7,False,Winter,3,21,1.0
1284,2015-02-28,600,49,Partly cloudy,7,False,Winter,2,28,1.0
1285,2015-12-27,600,13,Clear,1,False,Winter,12,27,0.0
1286,2015-11-06,1800,138,Sunny,6,False,Autumn,11,6,1.0
1287,2015-07-26,1800,75,Sunny,1,False,Summer,7,26,1.0
1288,2015-06-03,0,17,Clear,4,False,Spring,6,3,0.0
1289,2015-12-10,1800,101,Sunny,5,False,Autumn,12,10,1.0
1290,2015-11-09,1800,112,Cloudy,2,False,Autumn,11,9,1.0
1291,2015-10-21,1200,364,Sunny,4,False,Autumn,10,21,2.0
1292,2015-08-29,600,26,Clear,7,False,Summer,8,29,0.0
1293,2015-08-07,1800,32,Sunny,6,False,Summer,8,7,0.0
1294,2015-07-17,1200,146,Sunny,6,False,Summer,7,17,2.0
1295,2015-05-28,0,21,Clear,5,False,Spring,5,28,0.0
1296,2015-03-05,600,243,Patchy rain possible,5,False,Winter,3,5,2.0
1297,2015-03-01,1800,26,Light drizzle,1,False,Winter,3,1,0.0
1298,2015-02-12,1200,193,Sunny,5,False,Winter,2,12,2.0
1299,2015-01-03,0,4,Clear,7,False,Winter,1,3,0.0
1300,2015-09-28,600,328,Partly cloudy,2,False,Autumn,9,28,2.0
1301,2015-07-25,0,27,Clear,7,False,Summer,7,25,0.0
1302,2015-05-17,1800,102,Sunny,1,False,Spring,5,17,1.0
1303,2015-05-11,1200,354,Sunny,2,False,Spring,5,11,2.0
1304,2015-05-09,1200,124,Sunny,7,False,Spring,5,9,1.0
1305,2015-04-08,600,239,Clear,4,False,Spring,4,8,2.0
1306,2015-01-21,1200,87,Light drizzle,4,False,Winter,1,21,1.0
1307,2015-01-19,0,7,Clear,2,False,Winter,1,19,0.0
1308,2015-12-20,1200,31,Sunny,1,False,Autumn,12,20,0.0
1309,2015-11-29,1200,46,Partly cloudy,1,False,Autumn,11,29,1.0
1310,2015-10-17,1800,75,Partly cloudy,7,False,Autumn,10,17,1.0
1311,2015-07-10,1200,188,Sunny,6,False,Summer,7,10,2.0
1312,2015-06-24,0,12,Clear,4,False,Summer,6,24,0.0
1313,2015-01-10,0,11,Partly cloudy,7,False,Winter,1,10,0.0
1314,2015-01-02,1200,38,Sunny,6,False,Winter,1,2,1.0
1315,2015-11-15,1800,58,Sunny,1,False,Autumn,11,15,1.0
1316,2015-11-06,600,347,Clear,6,False,Autumn,11,6,2.0
1317,2015-10-30,0,15,Clear,6,False,Autumn,10,30,0.0
1318,2015-10-08,1800,153,Sunny,5,False,Autumn,10,8,2.0
1319,2015-07-29,600,180,Clear,4,False,Summer,7,29,2.0
1320,2015-05-30,600,51,Partly cloudy,7,False,Spring,5,30,1.0
1321,2015-02-19,600,255,Clear,5,False,Winter,2,19,2.0
1322,2015-09-07,1800,127,Sunny,2,False,Summer,9,7,1.0
1323,2015-09-02,1200,152,Sunny,4,False,Summer,9,2,2.0
1324,2015-08-14,0,9,Clear,6,False,Summer,8,14,0.0
1325,2015-06-17,1800,115,Sunny,4,True,Spring,6,17,1.0
1326,2015-05-10,1200,82,Sunny,1,True,Spring,5,10,1.0
1327,2015-01-26,600,249,Partly cloudy,2,False,Winter,1,26,2.0
1328,2015-12-08,0,15,Light rain shower,3,True,Autumn,12,8,0.0
1329,2015-10-02,0,9,Patchy rain possible,6,False,Autumn,10,2,0.0
1330,2015-08-02,0,7,Clear,1,False,Summer,8,2,0.0
1331,2015-07-27,1200,159,Patchy rain possible,2,False,Summer,7,27,2.0
1332,2015-06-05,1200,213,Sunny,6,False,Spring,6,5,2.0
1333,2015-04-23,600,445,Cloudy,5,False,Spring,4,23,2.0
1334,2015-03-14,1800,77,Patchy rain possible,7,False,Winter,3,14,1.0
1335,2015-01-29,0,8,Clear,5,False,Winter,1,29,0.0
1336,2015-11-05,1200,295,Sunny,5,False,Autumn,11,5,2.0
1337,2015-09-26,1200,83,Partly cloudy,7,False,Autumn,9,26,1.0
1338,2015-09-08,0,5,Clear,3,False,Summer,9,8,0.0
1339,2015-06-30,0,13,Clear,3,False,Summer,6,30,0.0
1340,2015-04-26,1800,60,Patchy rain possible,1,False,Spring,4,26,1.0
1341,2015-04-09,1200,311,Sunny,5,False,Spring,4,9,2.0
1342,2015-03-27,1200,236,Moderate or heavy rain shower,6,False,Spring,3,27,2.0
1343,2015-03-13,0,16,Clear,6,False,Winter,3,13,0.0
1344,2015-03-06,600,283,Clear,6,False,Winter,3,6,2.0
1345,2015-02-06,1800,82,Partly cloudy,6,False,Winter,2,6,1.0
1346,2015-12-19,600,56,Overcast,7,False,Autumn,12,19,1.0
1347,2015-12-16,0,15,Light drizzle,4,False,Autumn,12,16,0.0
1348,2015-12-15,0,6,Clear,3,False,Autumn,12,15,0.0
1349,2015-10-08,0,8,Moderate or heavy rain shower,5,False,Autumn,10,8,0.0
1350,2015-08-31,600,124,Clear,2,False,Summer,8,31,1.0
1351,2015-07-27,0,9,Cloudy,2,False,Summer,7,27,0.0
1352,2015-07-12,1800,91,Sunny,1,False,Summer,7,12,1.0
1353,2015-03-26,1200,348,Light rain,5,False,Spring,3,26,2.0
1354,2015-11-10,0,9,Partly cloudy,3,False,Autumn,11,10,0.0
1355,2015-10-30,600,297,Clear,6,False,Autumn,10,30,2.0
1356,2015-10-14,1800,38,Patchy rain possible,4,False,Autumn,10,14,1.0
1357,2015-09-17,0,18,Light drizzle,5,False,Summer,9,17,0.0
1358,2015-08-05,0,10,Clear,4,False,Summer,8,5,0.0
1359,2015-06-07,600,37,Clear,1,False,Spring,6,7,1.0
1360,2015-05-01,600,40,Patchy rain possible,6,True,Spring,5,1,1.0
1361,2015-01-25,600,25,Cloudy,1,False,Winter,1,25,0.0
1362,2015-11-02,1800,110,Sunny,2,False,Autumn,11,2,1.0
1363,2015-10-12,0,13,Patchy rain possible,2,False,Autumn,10,12,0.0
1364,2015-09-20,600,21,Clear,1,False,Summer,9,20,0.0
1365,2015-11-16,0,5,Clear,2,False,Autumn,11,16,0.0
1366,2015-11-02,1200,320,Sunny,2,False,Autumn,11,2,2.0
1367,2015-10-23,600,350,Clear,6,False,Autumn,10,23,2.0
1368,2015-09-15,1800,128,Sunny,3,False,Summer,9,15,1.0
1369,2015-06-17,600,58,Clear,4,True,Spring,6,17,1.0
1370,2015-05-21,1800,179,Sunny,5,False,Spring,5,21,2.0
1371,2015-04-18,1800,104,Sunny,7,False,Spring,4,18,1.0
1372,2015-02-19,1200,249,Sunny,5,False,Winter,2,19,2.0
1373,2015-11-27,1200,258,Sunny,6,False,Autumn,11,27,2.0
1374,2015-11-05,600,381,Clear,5,False,Autumn,11,5,2.0
1375,2015-05-16,0,20,Partly cloudy,7,False,Spring,5,16,0.0
1376,2015-05-09,600,62,Clear,7,False,Spring,5,9,1.0
1377,2015-04-18,600,44,Light rain shower,7,False,Spring,4,18,1.0
1378,2015-03-31,1800,169,Partly cloudy,3,False,Spring,3,31,2.0
1379,2015-12-20,1800,15,Sunny,1,False,Autumn,12,20,0.0
1380,2015-10-11,600,17,Partly cloudy,1,False,Autumn,10,11,0.0
1381,2015-10-03,1200,97,Patchy rain possible,7,False,Autumn,10,3,1.0
1382,2015-09-30,1800,126,Sunny,4,False,Autumn,9,30,1.0
1383,2015-08-15,600,9,Patchy rain possible,7,True,Summer,8,15,0.0
1384,2015-06-11,1200,209,Sunny,5,False,Spring,6,11,2.0
1385,2015-06-10,1200,232,Sunny,4,False,Spring,6,10,2.0
1386,2015-06-05,600,265,Clear,6,False,Spring,6,5,2.0
1387,2015-12-28,1200,55,Sunny,2,False,Winter,12,28,1.0
1388,2015-12-05,0,26,Partly cloudy,7,False,Autumn,12,5,0.0
1389,2015-10-31,1800,50,Sunny,7,False,Autumn,10,31,1.0
1390,2015-09-10,1800,127,Sunny,5,False,Summer,9,10,1.0
1391,2015-07-17,1800,138,Sunny,6,False,Summer,7,17,1.0
1392,2015-06-18,600,284,Clear,5,False,Spring,6,18,2.0
1393,2015-06-06,600,69,Clear,7,False,Spring,6,6,1.0
1394,2015-05-04,0,11,Clear,2,False,Spring,5,4,0.0
1395,2015-02-28,1800,61,Sunny,7,False,Winter,2,28,1.0
1396,2015-11-13,1200,290,Cloudy,6,False,Autumn,11,13,2.0
1397,2015-09-28,1800,101,Sunny,2,False,Autumn,9,28,1.0
1398,2015-09-22,0,14,Clear,3,False,Autumn,9,22,0.0
1399,2015-07-16,0,24,Clear,5,False,Summer,7,16,0.0
1400,2015-05-23,0,21,Patchy rain possible,7,False,Spring,5,23,0.0
1401,2015-03-25,1200,178,Light rain,4,False,Spring,3,25,2.0
1402,2015-03-15,1200,51,Light rain,1,False,Winter,3,15,1.0
1403,2015-02-11,600,218,Clear,4,False,Winter,2,11,2.0
1404,2015-12-29,1200,39,Partly cloudy,3,False,Winter,12,29,1.0
1405,2015-12-03,600,325,Partly cloudy,5,False,Autumn,12,3,2.0
1406,2015-12-01,600,363,Cloudy,3,False,Autumn,12,1,2.0
1407,2015-11-30,1800,117,Cloudy,2,False,Autumn,11,30,1.0
1408,2015-10-05,1800,120,Partly cloudy,2,False,Autumn,10,5,1.0
1409,2015-07-10,0,20,Clear,6,False,Summer,7,10,0.0
1410,2015-05-31,0,30,Clear,1,False,Spring,5,31,0.0
1411,2015-04-15,600,376,Clear,4,False,Spring,4,15,2.0
1412,2015-01-27,0,8,Clear,3,False,Winter,1,27,0.0
1413,2015-12-31,600,38,Clear,5,True,Winter,12,31,1.0
1414,2015-11-28,600,54,Clear,7,False,Autumn,11,28,1.0
1415,2015-10-16,1200,273,Partly cloudy,6,False,Autumn,10,16,2.0
1416,2015-09-23,600,222,Patchy rain possible,4,False,Autumn,9,23,2.0
1417,2015-07-22,1800,124,Sunny,4,False,Summer,7,22,1.0
1418,2015-06-25,600,243,Clear,5,False,Summer,6,25,2.0
1419,2015-05-10,0,29,Clear,1,True,Spring,5,10,0.0
1420,2015-03-07,1800,72,Sunny,7,False,Winter,3,7,1.0
1421,2015-02-11,0,7,Clear,4,False,Winter,2,11,0.0
1422,2015-12-03,1200,264,Sunny,5,False,Autumn,12,3,2.0
1423,2015-09-02,0,9,Clear,4,False,Summer,9,2,0.0
1424,2015-07-21,1200,152,Sunny,3,False,Summer,7,21,2.0
1425,2015-05-31,1200,82,Sunny,1,False,Spring,5,31,1.0
1426,2015-04-21,600,400,Clear,3,False,Spring,4,21,2.0
1427,2015-04-10,1200,239,Sunny,6,False,Spring,4,10,2.0
1428,2015-02-27,1800,118,Sunny,6,False,Winter,2,27,1.0
1429,2015-02-03,600,83,Light rain shower,3,False,Winter,2,3,1.0
1430,2015-01-25,0,23,Partly cloudy,1,False,Winter,1,25,0.0
1431,2015-12-21,1800,50,Overcast,2,False,Autumn,12,21,1.0
1432,2015-12-02,600,310,Clear,4,False,Autumn,12,2,2.0
1433,2015-11-17,600,339,Clear,3,False,Autumn,11,17,2.0
1434,2015-11-09,1200,353,Partly cloudy,2,False,Autumn,11,9,2.0
1435,2015-08-18,1200,58,Sunny,3,False,Summer,8,18,1.0
1436,2015-07-11,1800,87,Sunny,7,False,Summer,7,11,1.0
1437,2015-01-15,1200,215,Patchy light drizzle,5,False,Winter,1,15,2.0
1438,2015-01-06,0,3,Clear,3,True,Winter,1,6,0.0
1439,2015-12-31,1200,25,Cloudy,5,True,Winter,12,31,0.0
1440,2015-12-01,1800,122,Sunny,3,False,Autumn,12,1,1.0
1441,2015-12-01,0,3,Patchy rain possible,3,False,Autumn,12,1,0.0
1442,2015-11-24,1200,316,Sunny,3,False,Autumn,11,24,2.0
1443,2015-11-07,600,60,Overcast,7,False,Autumn,11,7,1.0
1444,2015-09-23,1800,143,Sunny,4,False,Autumn,9,23,2.0
1445,2015-09-14,1200,182,Sunny,2,False,Summer,9,14,2.0
1446,2015-07-27,600,198,Light rain shower,2,False,Summer,7,27,2.0
1447,2015-07-14,0,24,Clear,3,False,Summer,7,14,0.0
1448,2015-04-10,600,213,Clear,6,False,Spring,4,10,2.0
1449,2015-02-26,0,6,Partly cloudy,5,False,Winter,2,26,0.0
1450,2015-01-09,1200,164,Partly cloudy,6,False,Winter,1,9,2.0
1451,2015-12-28,600,65,Clear,2,False,Winter,12,28,1.0
1452,2015-11-25,600,325,Partly cloudy,4,False,Autumn,11,25,2.0
1453,2015-11-14,1800,73,Sunny,7,False,Autumn,11,14,1.0
1454,2015-09-19,1200,98,Partly cloudy,7,False,Summer,9,19,1.0
1455,2015-07-07,1800,150,Sunny,3,False,Summer,7,7,2.0
1456,2015-03-27,600,322,Partly cloudy,6,False,Spring,3,27,2.0
1457,2015-01-31,600,47,Clear,7,False,Winter,1,31,1.0
